ID,Name,Manufacturer,Silica type,H,S*,A,B,C (pH 2.8),C (pH 7.0),EB retention factor,USP type,Phase type
93,Acclaim 120 C18,Dionex,B,1.03,0.01,-0.14,-0.02,0.08,0,10.1,L1,C18
94,Acclaim 120 C8,Dionex,B,0.85,0,-0.27,0.01,0.08,0.01,6,L7,C8
628,Acclaim C30,Thermo/Hypersil,B,0.973,-0.022,-0.126,0.004,0.353,0.32,5.52,L62,C30
629,Acclaim Phenyl-1,Thermo/Hypersil,phenyl,0.689,-0.15,-0.548,0.068,0.013,0.15,4.27,L11,Phenyl
756,Acclaim Mixed-Mode HILIC-1,Thermo/Hypersil,B,0.517,-0.086,0,0.126,0.067,0.893,1.7,L60,EP
757,Acclaim Mixed-Mode WCX-1,Thermo/Hypersil,B,0.432,-0.099,-0.606,0.168,-0.156,0.99,1.5,L60,EP
97,Acclaim Organic Acid,Dionex,other,0.83,-0.06,-0.38,0,-0.31,0.34,6.7,,Other
96,Acclaim Polar Advantage,Dionex,EP,0.85,-0.06,-0.11,0.02,-0.27,0.35,6.8,L60,EP
98,Acclaim PolarAdvantage II,Dionex,EP,0.74,0.01,-0.55,0.21,-0.22,0.67,6.3,L60,EP
95,Acclaim300 C18,Dionex,B,0.95,-0.01,-0.17,0.01,0.26,0.22,2.9,L1,C18
620,Accucore 150-C18,Thermo/Hypersil,B,1.03,0.046,-0.037,-0.009,0.2,0.171,4.45,L1,C18
621,Accucore 150-C4,Thermo/Hypersil,B,0.738,-0.008,-0.309,0.023,0.13,0.224,2.17,L26,C4
622,Accucore aQ,Thermo/Hypersil,EP,1.07,0.05,0.002,-0.059,0.06,0.508,5.46,L60,EP
760,Accucore Biphenyl,Thermo/Hypersil,B,0.706,-0.18,-0.317,0.025,0.077,0.727,3.3,L11,phenyl
617,Accucore C18,Thermo/Hypersil,B,1.09,0.054,0.055,-0.04,0.072,0.095,6.5,L1,C18
619,Accucore C30,Thermo/Hypersil,B,0.978,-0.02,-0.143,-0.002,0.321,0.462,4.52,L62,C30
618,Accucore C8,Thermo/Hypersil,B,0.924,0.015,-0.084,-0.003,0.002,0.186,5.2,L7,C8
625,Accucore PFP,Thermo/Hypersil,F,0.729,-0.098,-0.249,-0.036,0.873,1.66,3.22,L43,F
624,Accucore Phenyl-Hexyl,Thermo/Hypersil,phenyl,0.786,-0.047,-0.223,0.006,0.055,0.574,3.6,L11,Phenyl
623,Accucore Phenyl-X,Thermo/Hypersil,phenyl,0.781,-0.103,-0.554,0.044,-0.294,-0.082,3.64,L11,Phenyl
627,Accucore Polar Premium,Thermo/Hypersil,EP,0.871,0.103,-0.567,0.217,-0.207,0.787,5.6,L60,EP
626,Accucore RP-MS,Thermo/Hypersil,B,1,0.024,-0.015,-0.006,0.027,0.057,6.2,,
615,Accucore XL C18,Thermo/Hypersil,B,1.09,0.059,0.051,-0.038,0.086,0.384,5.22,L1,C18
616,Accucore XL C8,Thermo/Hypersil,B,0.926,0.02,-0.161,-0.001,0.02,-0.432,4.63,L7,C8
160,ACE 5 AQ,ACT,EP,0.8,-0.05,-0.12,0.03,0,0.16,4.7,,EP
155,ACE 5 C18,ACT,B,1,0.02,-0.09,0,0.14,0.09,7.9,L1,C18
156,ACE 5 C18-300,ACT,B,0.98,0.02,0.04,0.01,0.26,0.23,3,L1,C18
407,ACE 5 C18-AR,ACT,phenyl,0.88,-0.05,-0.2,-0.01,0.07,0.15,5.7,L1,Phenyl
372,ACE 5 C18-HL,ACT,B,1.04,0.05,-0.08,-0.03,-0.03,-0.11,10,L1,C18
535,Ace 5 C18-PFP,ACT,B,0.899,-0.021,-0.246,-0.08,-0.001,-0.995,5.9,L1,C18
153,ACE 5 C4,ACT,B,0.67,-0.01,-0.17,0.02,0.09,0.31,2.5,L26,C4
154,ACE 5 C4-300,ACT,B,0.71,-0.01,-0.18,0.03,0.16,0.35,1.3,L26,C4
157,ACE 5 C8,ACT,B,0.827,0.005,-0.18,0.026,0.11,0.16,4.9,L7,C8
152,ACE 5 C8-300,ACT,B,0.78,0,-0.11,0.03,0.14,0.38,1.8,L7,C8
158,ACE 5 CN,ACT,CN,0.4,-0.1,-0.72,0,-0.08,0.44,1,L10,CN
159,ACE 5 CN-300,ACT,CN,0.46,-0.07,-0.16,0.03,0.15,0.85,0.4,L10,CN
161,ACE 5 Phenyl,ACT,phenyl,0.64,-0.13,-0.29,0.02,0.13,0.46,2.8,L11,Phenyl
162,ACE Phenyl-300,ACT,phenyl,0.59,-0.1,-0.23,0.03,0.16,0.54,1.1,L11,Phenyl
697,Acquity UPLC BEH C18,Waters,B,1,0.028,-0.366,0.007,0.142,0.088,6.4,L1,C18
330,Acquity UPLC BEH C8,Waters,B,0.85,0,0.09,0.05,0.22,0.77,2.7,L7,C8
331,Acquity UPLC BEH Phenyl,Waters,phenyl,0.76,-0.07,-0.05,0.06,0.29,0.58,2,L11,Phenyl
332,Acquity UPLC BEH Shield RP-18,Waters,EP,0.9,0.01,-0.03,0.13,-0.05,0.41,3.5,,EP
698,Acquity UPLC CSH C18,Waters,EP,0.968,0,-0.355,0.199,0.065,0.157,6.1,L60,EP
764,Adamas C18-AQ,SepaChrom,B,0.847,-0.069,-0.162,0.011,-0.067,0.664,9.3,L1,C18
766,Adamas C18-Classic,SepaChrom,B,1.01,-0.024,-0.101,-0.001,0.036,0.083,12.3,L1,C18
765,Adamas C18-Extreme,SepaChrom,B,1.05,0.022,-0.017,-0.03,0.037,0.167,12.7,L1,C18
762,Adamas C18-Select,SepaChrom,B,0.948,-0.066,0.422,0.006,0.131,1.2,12.1,L1,C18
763,Adamas C18-X-Bond,SepaChrom,B,1.04,0.013,0.095,-0.034,-0.053,0.639,12.4,L1,C18
24,Adsorbosphere C18,Grace/Alltech,A,0.98,-0.07,0.07,-0.04,1.49,1.68,7.7,L1,C18
25,Adsorpbosphere UHS C18,Grace/Alltech,B,1.1,0,0.4,-0.04,-0.12,-0.12,18.2,L1,C18
55,Advantage 300,Analytical Sales & Services,A,0.86,0,0.12,0.02,0.59,1.11,1.7,L1,C18
56,Advantage Armor C18 120A,Analytical Sales & Services,B,0.96,-0.01,-0.07,0,0.07,0.26,8.6,L1,C18
663,Aeris PEPTIDE XB-C18,Phenomenex,B,0.992,-0.021,-0.095,0.016,0.071,0.314,5.65,L1,C18
661,Aeris WIDEPORE XB-C18,Phenomenex,B,0.934,-0.032,-0.134,0.068,0.073,0.36,1.81,L1,C18
662,Aeris WIDEPORE XB-C4,Phenomenex,B,0.699,-0.021,-0.31,0.017,0.084,0.195,0.91,L26,C4
660,Aeris WIDEPORE XB-C8,Phenomenex,B,0.788,-0.038,-0.169,0.073,-0.042,0.518,1.23,L7,C8
772,Agilent 5 Prep C18 Scalar,Agilent Technologies,B,1.08,0.046,0.084,-0.037,0.075,0.018,12.6,L1,C18
26,Allsphere ODS1,Grace/Alltech,A,0.73,-0.16,0.38,0,0.84,1.14,4.7,L1,C18
27,Allsphere ODS2,Grace/Alltech,A,1,-0.04,0.24,-0.02,0.96,1.28,8,L1,C18
32,Alltima AQ,Grace/Alltech,B,0.88,-0.07,0.3,0.01,0.15,1.15,8.8,,C18
33,Alltima C18,Grace/Alltech,B,0.99,-0.01,0.03,-0.01,0.09,0.39,11.5,L1,C18
34,Alltima C18-LL,Grace/Alltech,B,0.78,0.08,-0.16,0.04,-0.05,0.36,5.9,L1,C18
35,Alltima C18-WP,Grace/Alltech,B,0.93,-0.06,0.02,0,-0.07,-0.08,4.9,L1,C18
36,Alltima C8,Grace/Alltech,B,0.75,0.01,-0.27,0,-0.06,0.28,5.5,L7,C8
37,Alltima HP C18,Grace/Alltech,B,0.98,-0.02,-0.04,0,0.17,0.19,4.9,L1,C18
48,Alltima HP C18 Amide,Grace/Alltech,EP,0.49,-0.02,0.35,0.12,-0.01,0.92,4.8,L60,EP
49,Alltima HP C18 EPS,Grace/Alltech,EP,0.65,-0.1,0.4,0.03,0.45,0.95,1.2,L1,EP
38,Alltima HP C18 High Load,Grace/Alltech,B,1.08,-0.06,0.06,-0.04,-0.32,-0.24,11.8,L1,C18
39,Alltima HP C8,Grace/Alltech,B,0.83,0.01,-0.11,0.03,0.12,-0.41,3.1,L7,C8
384,Alltima HP CN,Grace/Alltech,CN,0.46,-0.01,-0.55,0,-0.18,0.44,0.9,L10,CN
408,Allure Aqueous C18,Restek,B,0.96,-0.1,0.39,-0.04,0,1.38,17,L1,C18
409,Allure Basix,Restek,CN,0.43,-0.07,-0.42,0,0.01,0.86,2.4,Other,CN
410,Allure Biphenyl,Restek,phenyl,0.71,-0.19,-0.29,0.02,-0.01,0.69,7.2,,Phenyl
214,Allure C18,Restek,B,1.13,0.05,0.04,-0.04,-0.03,0.02,17.9,L1,C18
411,Allure Organic Acids,Restek,B,0.91,-0.12,0.53,-0.02,0.19,1.5,14.5,L1,C18
218,Allure PFP Propyl,Restek,F,0.83,-0.26,0.05,0.34,1.1,1.65,7.4,L43,F
28,Alphabond (C18),Grace/Alltech,A,0.84,-0.09,0.06,0,0.57,1.76,5.3,L1,C18
130,Apex C18,Grace/Jones,A,0.98,-0.03,0.01,0.04,1.24,2.31,6.1,L1,C18
131,Apex C8,Grace/Jones,A,0.86,-0.07,0.23,0.17,1.36,1.37,4.4,L1,C18
132,Apex II C18,Grace/Jones,A,1,-0.07,0.23,0.12,2.03,2.69,6.7,L1,C18
515,apHera C18 Polymer,Supelco,B,0.83,-0.01,-1.1,0,-0.55,7.51,6.3,L67,C18
200,Aqua C18,Phenomenex,B,0.96,-0.03,0.03,0,0.06,0.27,8.8,L1,C18
333,Aquasil C18,Thermo/Hypersil,EP,0.8,0.11,0.26,0.01,0.23,1.19,7.4,,EP
57,Armor C18 3um,Analytical Sales & Services,B,0.96,-0.01,-0.07,0,0.12,0.29,8.5,L1,C18
334,Ascentis C18,Supelco,B,1.07,0.05,0.03,-0.04,-0.08,-0.08,10.5,L1,C18
335,Ascentis C8,Supelco,B,0.89,0.02,-0.18,0,-0.12,-0.03,8.4,L7,C8
516,Ascentis ES Cyano,Supelco,CN,0.54,-0.1,-0.49,0.01,0.13,-0.44,2.9,L10,CN
632,Ascentis Express 5 C18,Supelco,B,1.13,0.053,0.053,-0.05,0.084,0.197,6.56,L1,C18
631,Ascentis Express 5 F5,Supelco,F,0.711,-0.118,-0.097,-0.067,1.06,1.71,2.85,L43,F
696,Ascentis Express Biphenyl,Supelco,phenyl,0.702,-0.177,-0.23,0.031,0.208,0.923,2.43,L11,phenyl
336,Ascentis Express C18,Supelco,B,1.13,0.05,0.02,-0.05,0.06,0.1,6.5,L1,C18
337,Ascentis Express C8,Supelco,B,0.91,0.01,-0.11,0,0,0.17,4.6,L7,C8
635,Ascentis Express ES-CN,Supelco,CN,0.565,-0.098,-0.415,0.014,0.031,1.04,1.88,L10,CN
630,Ascentis Express F5,Supelco,F,0.721,-0.124,0.067,-0.074,1.06,1.84,3.25,L43,F
517,Ascentis Express Peptide ES-C18,Supelco,B,0.91,-0.04,0.26,0.01,0.19,0.81,3.6,,C18
518,Ascentis Express Phenyl-Hexyl,Supelco,phenyl,0.79,-0.08,-0.26,-0.01,0.09,0.48,3.5,L11,Phenyl
412,Ascentis Express RP-Amide,Supelco,EP,0.84,0.06,-0.41,0.19,-0.47,0.26,5.1,L60,EP
413,Ascentis Phenyl,Supelco,phenyl,0.72,-0.1,-0.28,0,0,0.57,4.8,L11,Phenyl
338,Ascentis RP-Amide,Supelco,EP,0.84,0.07,-0.49,0.18,-0.78,0.08,8.8,L60,EP
603,Athena C18,CNW Technologies,B,0.997,0.002,-0.03,-0.013,0.094,0.265,9.82,L1,C18
604,Athena C18-WP,CNW Technologies,B,0.953,-0.03,-0.203,-0.003,-0.052,0.066,11.1,L1,C18
602,Athena C8,CNW Technologies,B,0.831,-0.021,-0.166,0.009,0.026,0.274,6.43,L7,C8
605,Athena Phenyl,CNW Technologies,phenyl,0.587,-0.114,-0.396,0.033,0.067,0.345,2.52,L11,Phenyl
291,Atlantis dC18,Waters,B,0.91,-0.03,-0.19,0,0.03,0.08,8.1,L1,C18
327,Atlantis T3,Waters,B,0.94,-0.03,-0.18,0,0.02,0.71,8.4,L1,C18
593,Balancil C18,"Bonna-Agela Technologies, Inc.",B,0.918,-0.037,-0.17,0.025,0.109,0.734,7.97,L1,C18
262,BetaBasic CN,Thermo/Hypersil,CN,0.42,-0.04,-0.45,0.01,0.01,0.9,0.8,L10,CN
277,BetaBasic Phenyl,Thermo/Hypersil,phenyl,0.58,-0.15,-0.41,0.04,0.1,0.75,1.7,L11,Phenyl
263,BetaMax Acid,Thermo/Hypersil,EP,0.63,0.05,-0.59,0.37,-2.06,-0.51,5.8,,EP
264,BetaMax Base,Thermo/Hypersil,EP,0.47,-0.06,-0.39,0.01,0.01,1.14,2.2,,EP
339,Betasil C18,Thermo/Hypersil,B,1.05,0.04,-0.1,-0.03,-0.03,-0.04,11.1,L1,C18
755,Betasil C18,Thermo/Hypersil,B,1.06,0.033,0.034,-0.014,0.095,0.099,12.3,L1,C18
759,Betasil C8,Thermo/Hypersil,B,0.875,-0.0027,-0.164,0.031,0.084,0.076,8.1,L7,C8
278,Betasil Phenyl-Hexyl,Thermo/Hypersil,phenyl,0.7,-0.05,-0.29,0.02,0.05,0.35,4.3,L11,Phenyl
343,BioBasic 4,Thermo/Hypersil,B,0.69,0,-0.19,0.03,0.18,0.39,1.2,L26,C4
60,BAS MF-8954,BioAnalytical Systems,A,0.97,-0.06,0.18,0.02,1.08,1.39,6.9,L1,C18
341,BioBasic CN,Thermo/Hypersil,CN,0.39,-0.03,-0.82,0,-0.07,0.53,0.4,L10,CN
342,BioBasic Phenyl,Thermo/Hypersil,phenyl,0.49,-0.23,-0.67,0.21,0.01,0.39,0.8,L11,Phenyl
493,Biobond C18,Dikma Technologies,B,0.96,-0.02,-0.15,0,0.22,0.18,3.1,L1,C18
494,Biobond C4,Dikma Technologies,B,0.7,0,-0.31,0.02,0.14,0.18,1.4,L26,C4
495,Biobond C8,Dikma Technologies,B,0.82,0,-0.26,0.02,0.17,0.15,2,L7,C8
723,BioResolve RP mAb,Waters,phenyl,0.586,-0.14,-0.49,0.058,0.18,0.25,0.39,L11,phenyl
703,BIOshell A160 Peptide C18,Supelco,B,0.89,-0.059,0.25,0.024,0.177,0.819,3,L1,C18
706,BIOshell A160 Peptide CN,Supelco,CN,0.481,-0.098,-0.353,0.028,0.076,0.838,0.9,L10,CN
704,BIOshell A400 Protein C18,Supelco,B,0.94,-0.052,-0.202,0.063,0.177,0.261,1.1,L1,C18
705,BIOshell A400 Protein C4,Supelco,B,0.704,0.005,-0.847,0.013,0.109,0.155,0.61,L26,C4
183,Bondclone C18,Phenomenex,B,0.82,-0.05,-0.12,0.04,0.07,0.34,4.5,L1,C18
40,Brava BDS C18,Grace/Alltech,B,0.93,-0.03,0.03,0.01,0.28,0.76,4.7,L1,C18
322,Cadenza 5CL-C18,Imtakt,B,1.01,0,0.09,-0.04,0.14,0.3,9.2,L1,C18
511,Cadenza CD-C18,Imtakt,B,1.05,0.03,0.08,-0.02,0.11,0.04,9.9,L1,C18
233,CAPCELL C18 ACR,Shiseido,B,1.02,0.04,0.07,-0.01,0.03,0.11,8.5,L1,C18
229,CAPCELL C18 AG120,Shiseido,A,1.03,0.06,0.12,-0.06,0.54,0.62,7.2,L1,C18
232,CAPCELL C18 AQ,Shiseido,EP,0.86,-0.04,-0.06,0.01,-0.09,0.4,7,L1,EP
230,CAPCELL C18 MG,Shiseido,B,1,0.01,0.04,0,0.07,0,10.2,L1,C18
231,CAPCELL C18 SG120,Shiseido,B,0.98,0.03,0.09,-0.02,0.12,0.19,6.6,L1,C18
228,CAPCELL C18 UG120,Shiseido,B,1,0.03,0.03,-0.01,0.01,0,6.9,L1,C18
389,Capcell Pak C18 IF,Shiseido,B,0.95,0.02,-0.2,0,-0.2,-0.01,3.8,L1,C18
390,Capcell Pak C18 MG III,Shiseido,B,0.95,0,-0.11,-0.01,-0.11,0.04,9.3,L1,C18
235,Capcell Pak C18 MGII,Shiseido,B,1.01,0.01,0.04,0,0,0,9.9,L1,C18
234,CAPCELL PAK C8 DD,Shiseido,B,0.83,0.02,-0.15,0.01,-0.11,-0.07,5.4,L7,C8
236,CAPCELL PAK C8 UG120,Shiseido,B,0.85,0.03,-0.09,-0.01,-0.04,-0.01,4.3,L7,C8
102,Chromegabond WR C18,ES Industries,B,0.97,0.02,-0.15,0,0.32,0.28,5.4,L1,C18
103,Chromegabond WR C8,ES Industries,B,0.85,0.02,-0.27,0.02,0.2,0.14,3.6,L7,C8
572,Chromolith HighResolution RP-18e,Merck KGaA (EMD Millipore)�,B,0.999,0.019,0.017,-0.001,0.206,0.285,3.41,L1,C18
571,Chromolith Performance RP-8e,Merck KGaA (EMD Millipore)�,B,0.833,-0.014,-0.01,0.014,0.071,0.572,2.41,L7,C8
171,Chromolith RP18e,Merck KGaA (EMD Millipore)�,B,1,0.02,0,-0.01,0.1,0.18,3.1,L1,C18
414,Clipeus C18,Higgins Analytical,B,1,0,-0.04,-0.01,0.07,0.34,9.5,L1,C18
415,Clipeus C8,Higgins Analytical,B,0.82,-0.01,-0.18,0.02,0.09,0.24,4.9,L7,C8
416,Clipeus Cyano,Higgins Analytical,CN,0.42,-0.06,-0.42,0.01,0.05,0.78,1.2,L10,CN
417,Clipeus Phenyl,Higgins Analytical,phenyl,0.58,-0.11,-0.3,0.03,0.07,0.48,2.5,L11,Phenyl
324,Cogent Bidentate C18,MicroSolv,A,0.95,0.05,-0.13,0,0.78,2.26,5.6,L1,C18
340,Cogent Bidentate C8,MicroSolv,B,0.68,-0.11,0.36,0,0.19,1.35,3.7,L7,C8
325,Cogent HPS C18,MicroSolv,B,1.02,-0.01,-0.07,-0.01,0.1,0.08,10.2,L1,C18
323,Cogent hQ C18,MicroSolv,B,0.9,-0.06,0.37,0,0.19,2.18,8.1,L1,C18
326,Cogent UDC Cholesterol,MicroSolv,other,0.62,0.22,0.52,0.06,0.74,1.21,3.4,,Other
667,Cortecs C18,Waters,B,1.08,0.043,-0.108,-0.037,0.063,0.035,6.39,L1,C18
668,Cortecs C18+,Waters,B,1.04,-0.005,0.175,0.026,-0.033,0.537,6.54,L1,C18
718,Cortecs C8,Waters,B,0.882,0.02,-0.21,-0.007,0.028,0.047,4.5,L7,C8
720,Cortecs Phenyl,Waters,phenyl,0.764,-0.088,-0.31,0.009,0.042,0.59,3.3,L11,phenyl
719,Cortecs T3,Waters,B,0.954,-0.036,-0.16,0.016,0.15,0.19,5.2,L1,C18
721,Cortecs UPLC Shield RP18,Waters,EP,0.869,-0.023,-0.28,0.1,-0.19,0.096,4.9,L60,EP
657,Cosmicsil Abra C18,Genius Technologies,B,0.81,0.031,-0.482,0.214,-0.178,0.139,8.16,L1,C18
577,Cosmicsil Adore 100 CN,Genius Technologies,B,0.339,-0.067,-0.488,0.008,0.099,0.901,0.561,L10,CN
606,Cosmicsil Adze C18,Genius Technologies,B,0.997,-0.019,-0.138,-0.013,-0.082,0.069,12.7,L1,C18
576,Cosmicsil Agate 100 C18,Genius Technologies,B,1.02,-0.026,-0.07,0.009,0.048,0.263,13,L1,C18
658,Cosmicsil Agate RP C18,Genius Technologies,B,1.02,0.017,-0.007,-0.007,0.185,0.23,10.61,L1,C18
654,Cosmicsil Agate RP C8,Genius Technologies,B,0.846,-0.008,-0.178,0.022,0.034,0.262,7.16,L7,C8
655,Cosmicsil APT C18,Genius Technologies,B,1.02,0.004,-0.064,-0.007,0.135,0.196,10.43,L1,C18
574,Cosmicsil AQ C18 120,Genius Technologies,B,0.958,-0.039,-0.072,0.013,0.133,0.295,9.19,L1,C18
575,Cosmicsil Aster C18 XD,Genius Technologies,B,1.08,0.038,0.042,-0.024,-0.086,0.084,13.5,L1,C18
573,Cosmicsil Aura ODS,Genius Technologies,B,0.948,-0.04,-0.185,0.009,-0.047,0.089,11.7,L1,C18
607,Cosmicsil BDS C18,Genius Technologies,B,0.854,-0.035,0.195,-0.012,0.476,0.929,3.79,L1,C18
656,Cosmicsil Glory C18,Genius Technologies,B,1,0.007,-0.17,0.003,0.172,0.222,9.38,L1,C18
178,COSMOSIL 5-C18-PAQ,Nacalai Tesque,EP,0.82,-0.02,-0.34,0.05,-0.35,0.04,5.5,,EP
647,Cosmosil 5PYE,Nacalai Tesque,Other,0.671,-0.271,-0.283,0.092,0.521,1.32,3.81,,Other
176,COSMOSIL C18-AR-II,Nacalai Tesque,B,1.01,0.01,0.12,-0.02,0.11,0.49,8.1,L1,C18
177,COSMOSIL C18-MS-II,Nacalai Tesque,B,1.03,0.04,-0.13,-0.01,-0.11,-0.02,8.1,L1,C18
646,Cosmosil piNap,Nacalai Tesque,phenyl,0.665,-0.176,-0.258,0.034,0.188,0.789,3.48,L11,phenyl
208,Curosil-PFP,Phenomenex,F,0.69,-0.07,-0.26,0,0.11,0.37,4,L43,F
292,DeltaPak C18 100A,Waters,B,1.02,0.01,-0.01,-0.01,-0.05,0.02,9,L1,C18
293,DeltaPak C18 300A,Waters,B,0.95,-0.01,-0.1,0.01,0.23,0.28,3,L1,C18
116,Denali 120A C18,Grace/Vydac,B,1.05,0.04,0.12,-0.01,0.14,0.22,9.4,L1,C18
179,Develosil C30-UG-5,Nomura,B,0.97,-0.03,-0.19,0.01,0.15,0.17,7.8,L62,C30
180,Develosil ODS-HG-5,Nomura,B,0.98,0.01,-0.17,0,0.18,0.22,8.2,L1,C18
181,Develosil ODS-MG-5,Nomura,B,0.96,-0.03,-0.16,0,-0.01,0.05,11.2,L1,C18
182,Develosil ODS-UG-5,Nomura,B,0.99,0.02,-0.14,0,0.15,0.15,8.4,L1,C18
244,Discovery Amide C16,Supelco,EP,0.72,0.01,-0.62,0.21,-0.09,-0.02,4,L60,EP
238,Discovery BIO Wide pore C18,Supelco,B,0.83,0.01,-0.25,0.02,0.12,0.11,3.4,L1,C18
239,Discovery BIO Wide pore C5,Supelco,B,0.65,-0.01,-0.3,0.02,0.09,0.21,1.1,,C5
240,Discovery BIO Wide pore C8,Supelco,B,0.83,0.01,-0.22,0.03,0.2,0.19,2.2,L7,C8
241,Discovery C18,Supelco,B,0.98,0.02,-0.12,0,0.17,0.15,4.8,L1,C18
242,Discovery C8,Supelco,B,0.83,0.01,-0.23,0.02,0.11,0.14,3.3,L7,C8
243,Discovery CN,Supelco,CN,0.39,-0.11,-0.61,0,-0.03,0.51,0.6,L10,CN
418,Discovery HS F5,Supelco,F,0.67,0.08,-0.28,0,0.91,1.42,4.1,L43,F
245,Discovery HS PEG,Supelco,EP,0.31,0.02,-0.71,0.12,-0.53,0.38,0.7,,EP
548,Durashell C18,"Bonna-Agela Technologies, Inc.",B,1.04,0.041,-0.066,-0.038,-0.191,-0.174,10.556,L1,C18
151,EC Nucleosil 100-5 Protect 1,Macherey Nagel,EP,0.54,0.04,-0.41,0.3,-3.21,-0.57,2.7,,EP
29,Econosil C18,Grace/Alltech,A,0.96,-0.06,0.37,-0.03,1.02,1.33,8.2,L1,C18
30,Econosphere C18,Grace/Alltech,A,0.81,-0.12,0.03,-0.01,1.04,1.52,5.1,L1,C18
523,Endeavorsil C18,Dikma Technologies,B,1.02,0.04,-0.09,-0.02,-0.07,0,4.05,L1,C18
378,Epic C18,ES Industries,B,0.95,-0.02,-0.2,0,-0.13,-0.04,10.7,L1,C18
380,Epic C4,ES Industries,B,0.77,0.01,-0.31,0,-0.2,0.06,5.9,L26,C4
379,Epic C8,ES Industries,B,0.89,0.02,-0.19,0,-0.1,0.03,8.6,L7,C8
381,Epic Phenyl Hexyl,ES Industries,phenyl,0.67,-0.08,-0.37,0,-0.14,0.3,4.5,L11,phenyl
61,EU Reference Column,Bischoff,B,1,0,0.26,0,0.17,0.44,9.3,L1,C18
650,Excel C18-Amide,ACT,EP,0.791,0.023,-0.489,0.199,-0.06,0.176,5.86,,EP
649,Excel CN-ES,ACT,CN,0.811,-0.005,-0.429,-0.01,-0.052,0.153,3.74,L10,CN
648,Excel SuperC18,ACT,C18,0.997,-0.003,-0.201,-0.013,0.03,0.009,9.92,L1,C18
222,Exsil C8,no longer available,A,0.75,-0.07,-0.04,-0.01,0.47,0.97,4.7,L7,C8
223,Exsil ODS,no longer available,A,0.99,-0.03,0.29,-0.04,0.83,1.22,7.6,L1,C18
653,Flare C18,Diamond Analytics,Other,0.806,-0.073,-0.47,0.841,-1.48,2.41,0.75,,Other
680,Flare C18+,Diamond Analytics,Other,1.14,-0.31,0.73,0.97,-0.51,1.2,0.27,,Other
741,Flowrosil C18 AQ,Wesley Technologies Inc,B,0.894,-0.04,-0.182,0.024,0.112,0.171,7.5,L1,C18
742,Flowrosil C8,Wesley Technologies Inc,B,0.857,0.001,-0.173,0.024,0.11,0.166,6.4,L7,C8
740,Flowrosil ODS,Wesley Technologies Inc,B,1.01,0.004,-0.121,0,0.162,0.142,9.5,L1,C18
275,Fluophase PFP,Thermo/Hypersil,F,0.67,-0.12,-0.31,0.06,0.81,1.37,4.5,L43,F
276,Fluophase RP,Thermo/Hypersil,F,0.69,0.02,0.1,0.03,1.03,1.41,3.4,L43,F
500,Fortis C18,Fortis Technologies,B,0.96,-0.02,-0.18,0,-0.16,0.11,11,L1,C18
501,Fortis C8,Fortis Technologies,B,0.87,0.02,-0.22,0,-0.14,-0.04,8.2,L7,C8
502,Fortis Cyano,Fortis Technologies,CN,0.38,-0.05,-0.39,0.01,0.01,0.87,1.1,L10,CN
503,Fortis H2O,Fortis Technologies,EP,1.03,0.03,0.14,-0.02,0,0.1,10.5,,EP
504,Fortis Phenyl,Fortis Technologies,phenyl,0.61,-0.15,-0.4,0.03,0.08,0.77,4,L11,phenyl
505,Fortis UniverSil C18,Fortis Technologies,B,0.92,-0.02,-0.12,0.04,0.23,0.25,5.4,L1,C18
506,Fortis UniverSil HS C18,Fortis Technologies,B,0.99,-0.01,-0.11,-0.01,-0.06,0.08,10.6,L1,C18
770,Gazelle C18,Orochem,B,1.01,0.018,0.049,-0.01,0.164,0.209,11.5,L1,C18
211,Gemini C18 110A,Phenomenex,B,0.96,0,0.02,0.01,-0.09,0.19,8,L1,C18
419,Gemini C6-Phenyl 110A,Phenomenex,phenyl,0.8,0.03,-0.34,0,-0.4,-0.26,4.8,L11,Phenyl
382,Gemini-NX C18,Phenomenex,B,0.96,0.01,-0.2,-0.01,-0.18,-0.13,7.1,L1,C18
133,Genesis AQ 120A,Grace/Jones,B,0.96,-0.03,-0.15,0,0.06,0.23,9.6,L1,C18
134,Genesis C18 120A,Grace/Jones,B,1,0,-0.06,0,0.13,0.12,9.8,L1,C18
135,Genesis C18 300A,Grace/Jones,B,0.97,0,-0.08,0.01,0.26,0.27,3.5,L1,C18
136,Genesis C4 300A,Grace/Jones,B,0.61,-0.05,-0.39,0.03,0.14,0.24,1.1,L26,C4
137,Genesis C4 EC 120A,Grace/Jones,B,0.64,-0.05,-0.33,0.02,0.06,0.4,3.4,L26,C4
138,Genesis C8 120A,Grace/Jones,B,0.82,-0.01,-0.08,0.01,0.05,0.3,6.2,L7,C8
140,Genesis CN 120A,Grace/Jones,CN,0.42,-0.11,-0.68,-0.01,0,0.57,1.4,L10,CN
141,Genesis CN 300A,Grace/Jones,CN,0.39,-0.1,-0.64,0,0.02,0.39,0.5,L10,CN
139,Genesis EC C8 120A,Grace/Jones,B,0.86,0,-0.17,0.02,0.06,0.14,6.9,L7,C8
142,Genesis Phenyl,Grace/Jones,phenyl,0.6,-0.14,-0.36,0.03,0.13,0.58,2.9,L11,Phenyl
344,GraceSmart RP 18,Grace/Alltech,B,0.83,-0.03,0.07,0,0.07,0.74,4,L1,C18
31,GraceSmart RP 18 5u,Grace/Alltech,B,0.83,-0.03,0.07,0,0.07,0.74,4,L1,C18
121,GROM Saphire 110 C18,Grace/Grom,B,1.05,0,0.08,0,-0.03,0.11,12.1,L1,C18
123,GROM Saphire 110 C8,Grace/Grom,B,0.83,-0.03,-0.1,0.03,-0.09,0.25,7.1,L7,C8
120,GROM-SIL 120 Octyl-6 MB,Grace/Grom,B,0.87,0,0,0.02,-0.01,0.13,5.8,L7,C8
122,GROM-SIL 120 ODS-3 CP,Grace/Grom,B,1.02,0.01,0.09,0,0.09,0.12,10.2,L1,C18
391,Grom-Sil 120 ODS-4 HE,Grace/Grom,B,0.97,-0.03,-0.08,0.01,-0.03,0.26,6.8,L1,C18
119,GROM-SIL 120 ODS-5 ST,Grace/Grom,B,1.03,0,0.13,0,0.13,0.12,10.5,L1,C18
420,Haisil 300 C18,Higgins Analytical,A,0.94,0,-0.03,0,0.42,0.68,2.2,L1,C18
421,Haisil HL C18,Higgins Analytical,B,1.04,-0.03,-0.07,-0.02,0.04,-0.05,10.4,L1,C18
599,Halo 5 C18,Advanced Materials Technology,B,1.15,0.055,0.025,-0.055,0.073,0.1,7.031,L1,C18
633,Halo 5 C8,Advanced Materials Technology,B,0.92,0.017,-0.118,-0.002,-0.002,0.205,4.6,L7,C8
636,Halo 5 ES-CN,Advanced Materials Technology,CN,0.558,-0.102,-0.492,0.012,0.081,0.967,1.61,L10,CN
601,Halo 5 PFP,Advanced Materials Technology,F,0.711,-0.122,-0.07,-0.052,1.16,1.85,2.725,L43,F
634,Halo 5 Phenyl-Hexyl,Advanced Materials Technology,phenyl,0.799,-0.091,-0.295,-0.004,0.115,0.429,3.29,L11,Phenyl
710,Halo AQ-C18,Advanced Materials Technology,B,1,-0.036,0.099,-0.048,0.156,0.864,6.7,L1,C18
711,Halo Biphenyl,Advanced Materials Technology,phenyl,0.708,-0.183,-0.279,0.028,0.047,0.99,3.1,L11,phenyl
328,Halo C18,Advanced Materials Technology,B,1.1,0.04,0,-0.05,0.05,0.04,6.1,L1,C18
730,Halo C30,Advanced Materials Technology,B,0.938,-0.046,-0.14,0.023,0.17,0.35,4.5,L62,C30
329,Halo C8,Advanced Materials Technology,B,0.91,0.02,-0.13,0,-0.01,0.18,4.3,L7,C8
600,Halo ES-CN,Advanced Materials Technology,CN,0.566,-0.11,-0.344,0.021,0.126,1.15,1.88,L10,CN
777,Halo LPH-C18,Advanced Materials Technology,B,0.99,-0.036,0.33,0.0055,0.106,1.02,6.2,L1,C18
533,HALO Peptide ES-C18,Advanced Materials Technology,B,0.89,-0.059,0.25,0.024,0.177,0.819,3,L1,C18
536,HALO PFP,Advanced Materials Technology,F,0.702,-0.117,-0.073,-0.062,1.17,0.972,2.3,L43,F
422,Halo Phenyl-Hexyl,Advanced Materials Technology,phenyl,0.78,-0.09,-0.23,0,0.1,0.45,3.5,L11,Phenyl
423,Halo RP-Amide,Advanced Materials Technology,EP,0.85,0.08,-0.38,0.19,-0.41,0.31,4.6,L60,EP
424,Heavy C18,Higgins Analytical,B,1.04,0.03,-0.13,-0.03,-0.08,-0.12,11.5,L1,C18
127,Hichrom 300 5 RPB,Hichrom,B,0.94,0.02,0.04,0.01,0.22,0.21,2.6,L1,C18
126,Hichrom RPB,Hichrom,B,0.96,0.02,0.1,0,0.15,0.14,6.4,L1,C18
534,Hitachi LaChrom C18-PM,Hitachi High-Tech,B,1.13,0.069,-0.019,-0.068,-0.267,-0.144,12.4,L1,C18
519,HSS C18,Waters,B,1.02,0.03,-0.13,-0.02,0.05,0,8.6,L1,C18
520,HSS C18 SB,Waters,B,0.73,-0.12,0.4,0.02,0.4,1.41,4,L1,C18
521,HSS T3,Waters,B,0.94,-0.02,-0.17,0,0.03,0.18,7.9,L1,C18
124,HxSil C18,Hamilton,B,0.84,-0.07,0.3,0.01,0.23,1.05,7,L1,C18
125,HxSil C8,Hamilton,B,0.68,-0.07,0.08,0.03,0.06,0.85,4.4,L7,C8
425,HyperClone BDS C18 130A,Phenomenex,B,0.98,0.03,0.01,-0.01,0.19,0.42,5.3,L1,C18
426,HyperClone BDS C8 130A,Phenomenex,B,0.84,0,-0.14,0.01,0.23,0.26,3.9,L7,C8
427,HyperClone CN (CPS),Phenomenex,CN,0.4,-0.08,-0.55,0,0.92,1.04,0.8,L10,CN
428,HyperClone MOS C8 120A,Phenomenex,EP,0.84,-0.05,0.04,0.13,1.14,1.12,3.7,L60,EP
429,HyperClone ODS C18 120A,Phenomenex,A,1.03,-0.02,0.06,0.09,1.03,0.96,6.1,L1,C18
430,HyperClone PAH,Phenomenex,other,0.98,0,0.18,-0.02,1.16,1.11,4.9,,Other
758,Hypersil ODS,Thermo/Hypersil,B,0.973,-0.051,-0.094,0.019,1.1,0.895,5.7,L1,C18
253,Hypersil 100 C18,Thermo/Hypersil,A,1.04,0.02,0.11,0.03,0.4,0.34,7.9,L1,C18
254,Hypersil BDS C18,Thermo/Hypersil,A,0.99,0.01,-0.09,0,0.33,0.28,5.6,L1,C18
259,Hypersil Beta Basic-18,Thermo/Hypersil,B,0.99,0.03,-0.09,0,0.16,0.12,6.4,L1,C18
260,Hypersil Beta Basic-8,Thermo/Hypersil,B,0.83,0.01,-0.24,0.02,0.11,0.11,4.2,L7,C8
261,Hypersil Betamax Neutral,Thermo/Hypersil,B,1.09,0.03,0.06,-0.03,-0.03,0.01,17,L1,C18
265,Hypersil Bio Basic-18,Thermo/Hypersil,B,0.97,0.02,-0.1,0,0.25,0.21,3.2,L1,C18
266,Hypersil Bio Basic-8,Thermo/Hypersil,B,0.82,0.01,-0.23,0.02,0.23,0.21,1.8,L7,C8
255,Hypersil Elite,no longer available,A,0.95,0.03,0.15,-0.01,0.31,0.73,6.5,L1,C18
267,Hypersil GOLD,Thermo/Hypersil,B,0.88,0,-0.01,0.03,0.16,0.47,3.9,L1,C18
345,Hypersil GOLD aQ,Thermo/Hypersil,A,0.91,-0.01,-0.06,-0.01,0.37,0.63,4.1,L1,C18
612,Hypersil GOLD C4,Thermo/Hypersil,B,0.705,-0.003,-0.285,0.026,0.11,0.235,2.19,L26,C4
346,Hypersil GOLD C8,Thermo/Hypersil,B,0.82,0.01,-0.15,0.03,0.09,0.21,2.7,L7,C8
614,Hypersil GOLD CN,Thermo/Hypersil,CN,0.397,-0.035,-0.886,-0.019,-0.069,0.66,0.75,L10,CN
347,Hypersil GOLD PFP,Thermo/Hypersil,F,0.62,-0.08,-0.11,-0.02,0.37,0.99,1.9,L43,F
613,Hypersil GOLD Phenyl,Thermo/Hypersil,phenyl,0.65,-0.091,-0.362,0.03,0.161,0.416,2,L11,Phenyl
256,Hypersil ODS,Thermo/Hypersil,A,0.97,-0.02,-0.12,0.02,0.91,0.97,5.5,L1,C18
257,Hypersil ODS-2,Thermo/Hypersil,B,0.98,0.01,0.13,-0.01,0.25,0.37,5.6,L1,C18
258,Hypersil PAH,Thermo/Hypersil,A,0.94,-0.05,0.23,-0.01,1.43,1.72,5.3,L1,C18
272,Hypersil Prism C18 RP,Thermo/Hypersil,EP,0.64,0.08,-0.45,0.3,-2.81,-0.71,4.8,,EP
273,Hypersil Prism C18 RPN,Thermo/Hypersil,EP,0.67,0,-0.06,0.23,-0.54,0.62,3.4,,EP
274,Hypurity Advance,Thermo/Hypersil,EP,0.41,-0.05,-0.09,0.24,-1.33,0.78,1.6,L60,EP
268,Hypurity C18,Thermo/Hypersil,B,0.98,0.02,-0.09,0,0.19,0.16,5.6,L1,C18
269,HyPurity C4,Thermo/Hypersil,B,0.71,0,-0.29,0.02,0.12,0.25,1.9,L26,C4
270,Hypurity C8,Thermo/Hypersil,B,0.83,0.01,-0.2,0.03,0.15,0.16,3.5,L7,C8
271,Hypurity Cyano,Thermo/Hypersil,CN,0.45,-0.04,-0.49,0.02,-0.01,0.83,0.7,L10,CN
105,Inertsil C8-3,GL Sciences,B,0.83,0,-0.26,-0.01,-0.33,-0.36,7.1,L7,C8
507,Inertsil C8-4,GL Sciences,B,0.67,-0.03,-0.38,-0.01,-0.09,-0.15,4.5,L7,C8
106,Inertsil ODS-2,GL Sciences,B,1,0.04,-0.07,-0.01,-0.13,0.44,8.2,L1,C18
108,Inertsil ODS-P,GL Sciences,B,0.97,-0.02,0.61,-0.03,0.23,1.47,11.2,L1,C18
104,Inertsil Ph-3,GL Sciences,phenyl,0.52,-0.17,-0.13,0.04,0.12,0.73,2.6,L11,Phenyl
107,Inertsil ODS-3,GL Sciences,B,0.99,0.02,-0.14,-0.02,-0.47,-0.33,10.9,L1,C18
111,Inertsil CN-3,GL Sciences,CN,0.36,0.04,-0.8,0.08,-2.6,-1.29,1.1,L10,CN
431,Inertsil ODS-4,GL Sciences,B,0.91,-0.02,-0.22,-0.03,-0.02,-0.14,9.1,L1,C18
112,Inertsil ODS-EP,GL Sciences,EP,0.8,0.06,-1.52,0.05,-0.62,-0.07,7.2,L60,C18
724,Inertsil ODS-HL,GL Sciences,B,1.07,0.01,-0.037,-0.066,0.016,-0.013,16,L1,C18
432,Inertsil ODS-SP,GL Sciences,B,0.85,-0.02,-0.22,-0.02,-0.04,-0.07,7.8,L1,C18
109,Inertsil WP300 C18,GL Sciences,B,0.93,-0.01,-0.11,0,0.2,0.16,3.8,L1,C18
110,Inertsil WP300 C8,GL Sciences,B,0.79,-0.01,-0.21,0.01,0.12,0.06,2.2,L7,C8
690,InertSustain AQ-C18,GL Sciences,B,0.939,-0.05,-0.23,0.001,-0.003,-0.095,10.7,L1,C18
545,InertSustain C18,GL Sciences,B,1.01,0.055,-0.152,-0.087,-0.081,-0.195,11.399,L1,C18
588,InertSustain C8,GL Sciences,B,0.868,-0.005,-0.27,-0.021,-0.035,-0.122,8.59,L7,C8
726,InertSustain Cyano,GL Sciences,CN,0.445,-0.04,-0.37,-0.015,-0.077,0.83,1.6,L10,CN
589,InertSustain Phenyl,GL Sciences,phenyl,0.569,-0.135,-0.375,0.035,-0.044,0.32,3.37,L11,Phenyl
691,InertSustain Phenylhexyl,GL Sciences,phenyl,0.743,-0.043,-0.37,-0.015,-0.109,-0.204,5.92,L11,Phenyl
692,InertSustainSwift C18,GL Sciences,B,0.882,-0.013,-0.31,-0.001,0.13,0.074,4.74,L1,C18
725,InertSustainSwift C8,GL Sciences,B,0.785,-0.014,-0.32,0,0.07,0,3.7,L7,C8
549,Innoval C18,"Bonna-Agela Technologies, Inc.",B,1.05,0.049,-0.024,-0.034,-0.066,0.027,6.731,L1,C18
496,Inspire C18,Dikma Technologies,B,1.06,-0.05,-0.07,-0.04,-0.08,-0.1,11.2,L1,C18
497,Inspire C8,Dikma Technologies,B,0.88,-0.02,-0.21,0,-0.19,-0.01,8.1,L7,C8
294,J'Sphere H80,YMC,B,1.13,0.05,-0.02,-0.06,-0.24,-0.16,13.3,L1,C18
295,J'Sphere L80,YMC,B,0.76,-0.03,-0.21,0,-0.4,0.34,5.8,L1,C18
296,J'Sphere M80,YMC,B,0.92,-0.02,-0.12,0,-0.29,0.13,9.1,L1,C18
187,Jupiter 300 C18,Phenomenex,B,0.94,0.03,-0.22,0,0.23,0.21,2.9,L1,C18
188,Jupiter 300 C4,Phenomenex,B,0.69,0,-0.42,0.01,0.15,0.14,1.3,L26,C4
189,Jupiter 300 C5,Phenomenex,B,0.72,0.02,-0.38,0.01,0.12,0.33,1.5,,C5
715,Kanak C18,Nanghavi Chromatography Solutions Ltd,B,1.06,0.041,-0.054,-0.028,0.047,-0.031,11.2,L1,C18
717,Kanak C4,Nanghavi Chromatography Solutions Ltd,B,0.73,-0.002,-0.289,0.017,0.042,0.304,4.6,L26,C4
716,Kanak PheHex,Nanghavi Chromatography Solutions Ltd,phenyl,0.763,-0.09,-0.304,0.011,0.152,0.417,5.5,L11,phenyl
659,Kinetex Biphenyl 100A,Phenomenex,phenyl,0.697,-0.173,-0.583,0.034,0.122,0.817,2.63,L11,Phenyl
433,Kinetex C18 100A,Phenomenex,B,0.96,0,-0.13,-0.01,0,0.12,4.9,L1,C18
531,Kinetex C8,Phenomenex,B,0.86,0.01,-0.2,0,-0.08,0,3.5,L7,C8
679,Kinetex EVO C18,Phenomenex,B,1.01,-0.006,-0.17,-0.024,-0.11,-0.01,4.38,L1,C18
686,Kinetex F5,Phenomenex,fluoro,0.725,-0.064,-0.32,-0.046,0.11,2.66,3.03,L43,F
434,Kinetex PFP 100A,Phenomenex,F,0.68,0.08,-0.27,-0.03,0.94,1.53,2.4,L43,F
558,Kinetex Phenyl-Hexyl,Phenomenex,phenyl,0.795,-0.091,-0.258,0.016,0.062,0.236,3.49,L11,Phenyl
532,Kinetex XB-C18,Phenomenex,B,0.97,-0.01,-0.08,0.02,-0.04,0.3,4.9,L1,C18
20,Kromasil 100 5 C18,Kromasil by Nouryon,B,1.05,0.03,-0.07,-0.02,0.03,-0.05,12.5,L1,C18
21,Kromasil 100 5 C4,Kromasil by Nouryon,B,0.73,0,-0.33,0.01,0,0,5,L26,C4
22,Kromasil 100 5 C8,Kromasil by Nouryon,B,0.86,0.01,-0.21,0.01,0.05,0,7.6,L7,C8
23,Kromasil KR60 5 CN,Kromasil by Nouryon,CN,0.44,-0.13,-0.57,-0.01,0.21,1.03,2,L10,CN
525,LaChrom C18,Hitachi High-Tech,B,0.99,0.01,-0.15,0,-0.27,-0.12,8.2,L1,C18
526,LaChrom C18-AQ,Hitachi High-Tech,B,0.9,-0.02,-0.13,0.01,-0.32,0.19,6.8,L1,C18
527,LaChrom C18-NE,Hitachi High-Tech,B,0.96,-0.02,0.36,0,0.13,0.77,7.6,L1,C18
528,LaChrom C8,Hitachi High-Tech,B,0.85,0.02,-0.19,0.01,-0.41,-0.02,5.4,L7,C8
529,LaChrom CN,Hitachi High-Tech,CN,0.42,-0.06,-0.37,0,-0.02,0.79,1.13,L10,CN
530,LaChrom Ph,Hitachi High-Tech,phenyl,0.59,-0.1,-0.32,0.02,0,0.45,2.51,L11,Phenyl
524,Leapsil C18,Dikma Technologies,B,1.05,0.04,-0.07,-0.03,-0.02,-0.05,10.51,L1,C18
169,LiChrosorb RP-18,Merck KGaA (EMD Millipore)�,A,0.9,-0.07,0.15,-0.08,0.71,0.97,7.1,L1,C18
170,LiChrospher 100 RP-18,Merck KGaA (EMD Millipore)�,A,1,-0.02,0.18,-0.03,0.64,0.89,9.5,L1,C18
172,LiChrospher 60 RP-Select B,Merck KGaA (EMD Millipore)�,B,0.74,-0.06,-0.04,0,0.1,0.86,5.1,L1,C8
190,Luna C18,Phenomenex,B,1.01,0.02,0.07,0,-0.36,-0.03,10.9,L1,C18
191,Luna C18(2),Phenomenex,B,1,0.02,-0.12,0,-0.26,-0.17,9.6,L1,C18
192,Luna C5,Phenomenex,B,0.8,0.03,-0.25,0,-0.27,0.11,5.9,,C5
193,Luna C8,Phenomenex,B,0.87,0.03,-0.01,0.02,-0.4,0.13,7,L7,C8
194,Luna C8(2),Phenomenex,B,0.88,0.04,-0.22,0,-0.3,-0.17,7.2,L7,C8
201,Luna CN,Phenomenex,CN,0.45,-0.11,-0.32,-0.02,0.43,1.32,1.3,L10,CN
707,Luna Omega C18,Phenomenex,B,0.976,-0.0029,-0.187,-0.0071,-0.018,0.005,9.6,L1,C18
708,Luna Omega Polar C18,Phenomenex,EP,0.86,-0.07,-0.158,0.02,0.0027,0.558,7.4,L60,EP
709,Luna Omega PS C18,Phenomenex,EP,0.901,-0.017,-0.273,0.011,-0.29,0.013,7.6,L60,EP
383,Luna PFP(2),Phenomenex,F,0.75,-0.07,-0.38,-0.05,0.08,0.54,4.9,L43,F
206,Luna Phenyl-Hexyl,Phenomenex,phenyl,0.78,-0.11,-0.27,0,0,0.38,5.2,L11,Phenyl
584,Matrix C18,Orochem,B,0.934,-0.046,0.068,-0.003,0.071,0.765,11.42,L1,C18
283,MicroBondapak C18,Waters,A,0.79,-0.07,-0.03,0.01,0.28,0.85,4.6,L1,C18
317,MicroBondapak Phenyl,Waters,phenyl,0.58,-0.15,-0.24,0.02,0.35,0.97,2.1,L11,Phenyl
435,Microsorb 100-5 C8,Agilent Technologies/Varian,A,0.87,0.06,0.09,0.19,0.61,0.82,5.4,L7,C8
436,Microsorb 100-5 Phenyl,Agilent Technologies/Varian,phenyl,0.71,-0.14,-0.19,0.16,0.6,0.78,3.1,L11,phenyl
437,Microsorb 300-5 C4,Agilent Technologies/Varian,B,0.66,-0.02,-0.31,0.03,0.2,0.41,1,L26,C4
438,Microsorb-MV 100 CN,Agilent Technologies/Varian,CN,0.35,-0.24,-0.85,-0.02,0.14,0.78,1.3,L10,CN
583,Monitor C18,Orochem,B,0.981,-0.004,-0.131,0.001,0.021,0.063,9.13,L1,C18
284,Nova-Pak C18,Waters,A,1.04,0,0.09,-0.02,0.54,0.56,6.5,L1,C18
285,Nova-Pak C8,Waters,A,0.89,-0.02,-0.09,0,0.61,0.62,3.9,L7,C8
311,Nova-Pak CN HP 60A,Waters,CN,0.36,-0.16,0.1,0,0.69,1.17,0.4,L10,CN
318,Nova-Pak Phenyl,Waters,phenyl,0.7,-0.15,-0.3,0.01,0.76,0.81,2.5,L11,Phenyl
143,Nucelosil 100-5-C8 HD,Macherey Nagel,A,0.86,0,-0.17,0.02,0.04,0.18,6.3,L7,C8
439,Nucleodur 100-5 C18,Macherey Nagel,B,0.97,-0.02,0,-0.03,0.14,0.59,9.7,L1,C18
440,Nucleodur 100-5 C8,Macherey Nagel,B,0.77,-0.04,-0.15,0,0.04,0.82,5.4,L1,C18
150,Nucleodur C18 Gravity,Macherey Nagel,B,1.05,0.04,-0.09,-0.02,-0.08,0.31,11,L1,C18
149,Nucleodur C8 Gravity 5 micron,Macherey Nagel,B,0.86,0.03,-0.24,0,-0.15,0.63,6.6,L1,C18
591,Nucleodur HTEC C18,Macherey Nagel,B,1.05,0.038,-0.022,-0.015,-0.482,0.136,11.7,L1,C18
373,Nucleodur Isis,Macherey Nagel,B,1.02,0.05,-0.07,-0.02,-0.01,0.15,8.8,L1,C18
581,Nucleodur PAH C18,Macherey Nagel,B,1.01,0.008,0.574,-0.022,0.343,1.22,8.74,L1,C18
592,Nucleodur PFP,Macherey Nagel,F,0.712,-0.059,-0.265,-0.036,0.023,0.81,4.8,L43,F
582,Nucleodur POLARTEC C18,Macherey Nagel,B,0.858,0.168,-0.259,0.351,-3.4,-0.787,7.67,L1,C18
374,Nucleodur Pyramid,Macherey Nagel,B,0.95,0,-0.13,-0.01,-0.28,0.21,8,L1,C18
375,Nucleodur Sphinx RP,Macherey Nagel,phenyl,0.8,-0.07,-0.27,0,0.02,0.72,5.6,L1,Phenyl
590,Nucleoshell RP 18,Macherey Nagel,B,1.11,0.036,0.077,-0.04,0.082,0.266,7.5,L1,C18
146,Nucleosil C8,Macherey Nagel,A,0.57,-0.13,0.03,0.01,0.28,1.12,2.7,L7,C8
144,Nucleosil 100 5 C18 HD,Macherey Nagel,A,0.96,-0.02,-0.12,0,0.08,0.15,8.8,L1,C18
145,Nucleosil 100 5 C18 Nautilus,Macherey Nagel,EP,0.7,0,-0.48,0.26,-0.44,0.48,5.4,L60,EP
148,Nucleosil 300 5 C18,Macherey Nagel,A,0.86,-0.08,0,0.01,0.45,0.98,2.7,L1,C18
147,Nucleosil C18,Macherey Nagel,A,0.9,-0.05,0.01,-0.03,0.32,0.73,7.3,L1,C18
279,OmniSpher 5 C18,Agilent Technologies/Varian,B,1.05,0.05,-0.03,-0.02,0.12,0.05,10.9,L1,C18
210,Onyx Monolithic C18,Phenomenex,B,1.01,0.02,0.22,-0.01,0.12,0.43,3.2,L1,C18
209,Onyx Monolithic C8,Phenomenex,B,0.82,0,0,0,-0.02,0.44,2,L7,C8
585,Orosil C18,Orochem,B,0.981,-0.032,-0.137,0.002,-0.048,0.155,12.61,L1,C18
769,Orosil C18-ER,Orochem,B,0.907,-0.054,0.356,0.026,0.157,1.05,10.3,L1,C18
768,Orosil C18-HC,Orochem,B,1.04,0.013,0.128,-0.02,-0.014,0.361,14.3,L1,C18
771,Orosil Polar C18,Orochem,B,1.02,-0.041,0.603,-0.017,0.291,1.37,13.1,L1,C18
184,Partisil C8,Phenomenex,B,0.74,-0.07,-0.09,0.07,0.03,0.54,4.5,L7,C8
185,Partisil ODS(3),Phenomenex,A,0.81,-0.07,0,0,0.31,0.9,5.4,L1,C18
488,Peerless Basic C-18,Chromatopak,B,0.98,-0.01,-0.15,-0.01,-0.16,-0.09,11.7,L1,C18
489,Peerless C-18,Chromatopak,B,0.99,-0.02,0.03,-0.01,0,0.45,10.2,L1,C18
441,Phalanx C18,Higgins Analytical,B,0.95,-0.03,-0.2,0,-0.07,-0.01,10.4,L1,C18
442,Pinnacle DB Aqueous C18,Restek,A,0.69,-0.14,0.22,0.03,0.37,1.13,3.5,L1,C18
443,Pinnacle DB Biphenyl,Restek,phenyl,0.64,-0.17,-0.34,0.05,0.19,0.51,2.3,L11,Phenyl
444,Pinnacle DB C18,Restek,A,1.01,0.02,-0.03,0,0.36,0.28,6.3,L1,C18
445,Pinnacle DB C8,Restek,A,0.83,0,-0.19,0.03,0.26,0.23,3.8,L7,C8
446,Pinnacle DB Cyano,Restek,CN,0.37,-0.07,-0.38,0,0.22,0.72,0.7,L10,CN
447,Pinnacle DB PFP Propyl,Restek,F,0.64,-0.06,-0.25,0.05,0.59,1.1,2.5,L43,F
448,Pinnacle DB Phenyl,Restek,phenyl,0.57,-0.12,-0.46,0.04,0.16,0.28,1.7,L11,Phenyl
449,Pinnacle II Biphenyl,Restek,phenyl,0.64,-0.19,-0.24,0.05,0.46,0.73,2.9,L11,Phenyl
450,Pinnacle II C18,Restek,A,1.03,0.01,-0.03,0,0.44,0.34,8.4,L1,C18
451,Pinnacle II C8,Restek,A,0.85,0,-0.11,0.03,0.39,0.43,5.3,L7,C8
452,Pinnacle II Cyano,Restek,CN,0.37,-0.08,-0.21,-0.01,0.2,0.78,1.2,L10,CN
453,Pinnacle II PAH,Restek,A,0.97,-0.02,0.35,-0.02,0.74,1.18,6.8,L1,C18
454,Pinnacle II Phenyl,Restek,phenyl,0.59,-0.13,-0.4,0.06,0.37,0.49,2.3,L11,Phenyl
41,Platinum C18,Grace/Alltech,A,0.78,-0.07,-0.09,0,0.4,0.69,4.6,L1,C18
42,Platinum C8,Grace/Alltech,B,0.58,-0.05,-0.22,0,0.25,0.39,3,L7,C8
43,Platinum EPS C18,Grace/Alltech,A,0.61,-0.17,0.3,0.02,0.68,1.7,2.6,L1,C18
50,Platinum EPS C18 300,Grace/Alltech,EP,0.45,-0.05,0.37,0.01,0.24,1.29,3.6,,EP
44,Platinum EPS C8,Grace/Alltech,A,0.42,-0.15,0.15,0.02,0.5,1.36,1.1,L7,C8
51,Platinum EPS C8 300,Grace/Alltech,EP,0.58,-0.11,-0.13,0.08,0.48,0.96,0.8,,EP
586,Polar C18,Orochem,B,1.04,-0.086,0.645,-0.035,1.07,1.56,10.17,L1,C18
455,Polaris Amide-C18,Agilent Technologies/Varian,EP,0.84,0.11,-0.33,0.34,-1.65,-0.55,4.2,L60,EP
280,Polaris C18-A,Agilent Technologies/Varian,EP,0.92,0,-0.22,0.06,0.14,0.16,5.2,L1,EP
202,Polaris C18-Ether,Agilent Technologies/Varian,EP,0.94,-0.01,-0.12,0.02,0.16,0.55,5.5,,EP
281,Polaris C8-A,Agilent Technologies/Varian,EP,0.6,0,-0.6,0.1,-0.07,0.2,2.2,L7,EP
203,Polaris C8-Ether,Agilent Technologies/Varian,EP,0.7,-0.02,-0.31,0.04,0.09,0.26,1.8,,EP
641,Poroshell 120 Bonus-RP,Agilent Technologies,EP,0.686,-0.03,-0.573,0.18,-0.67,-0.017,3.98,L60,EP
637,Poroshell 120 EC-C18,Agilent Technologies,B,1.02,0.008,-0.13,-0.004,0.161,0.123,6.92,L1,C18
638,Poroshell 120 EC-C8,Agilent Technologies,B,0.877,0.011,-0.232,0.023,0.127,0.09,4.84,L7,C8
639,Poroshell 120 EC-CN,Agilent Technologies,CN,0.421,-0.057,-0.476,0.002,0.045,0.87,0.95,L10,CN
694,Poroshell 120 HPH C18,Agilent Technologies,B,1.03,0.005,-0.14,-0.014,0.073,-0.004,6.1,L1,C18
693,Poroshell 120 HPH C8,Agilent Technologies,B,0.887,0.01,-0.25,0.008,-0.019,-0.073,4.18,L7,C8
695,Poroshell 120 PFP,Agilent Technologies,fluoro,0.63,-0.059,-0.46,0.015,-0.038,0.741,2.88,L43,F
640,Poroshell 120 Phenyl-Hexyl,Agilent Technologies,phenyl,0.752,-0.083,-0.394,0.018,0.136,0.14,3.59,L11,Phenyl
644,Poroshell 120 SB-AQ,Agilent Technologies,EP,0.581,-0.12,-0.133,0.051,-0.014,0.67,2.15,L60,EP
642,Poroshell 120 SB-C18,Agilent Technologies,B,0.956,-0.041,0.168,0.025,0.21,0.763,5.44,L1,C18
643,Poroshell 120 SB-C8,Agilent Technologies,B,0.726,-0.087,0.068,0.044,0.087,0.807,3.56,L7,C8
164,Precision C18,Mac-Mod Analytical,B,1,0,-0.04,-0.01,0.07,0.34,9.5,L1,C18
166,Precision C18-PE,Mac-Mod Analytical,EP,0.97,-0.01,-0.08,0,0,0.16,8.6,L1,EP
165,Precision C8,Mac-Mod Analytical,B,0.82,-0.01,-0.18,0.02,0.09,0.24,4.9,L7,C8
167,Precision C8-PE,Mac-Mod Analytical,EP,0.81,-0.02,-0.15,0.01,0.05,0.27,5,L7,EP
163,Precision CN,Mac-Mod Analytical,CN,0.43,-0.11,-0.48,0.01,-0.04,0.6,1.3,L10,CN
168,Precision Phenyl,Mac-Mod Analytical,phenyl,0.59,-0.13,-0.29,0.02,0.09,0.5,2.6,L11,Phenyl
52,Prevail Amide,Grace/Alltech,EP,0.86,-0.06,0.25,0.03,0.05,1.2,9.6,L60,EP
45,Prevail C18,Grace/Alltech,B,0.88,-0.07,0.31,0.02,0.1,1.2,9.4,L1,C18
46,Prevail C8,Grace/Alltech,B,0.61,-0.08,0.03,0.04,0.08,1.07,3.4,L7,C8
47,Prevail Select C18,Grace/Alltech,B,0.82,0.02,-0.36,0.14,-1.05,0.45,7.5,L1,C18
664,Primesep A,SIELC,Other,0.57,-0.199,0.057,0.032,2.73,2.6,1.57,,Other
665,Primesep B,SIELC,Other,0.497,-0.004,0.034,0.584,-1.87,-1.36,0.91,,Other
666,Primesep C,SIELC,Other,0.513,-0.146,-0.265,0.124,1.04,1.55,1.85,,Other
683,Primesil C18 3 micron,Wesley Technologies Inc,B,1.02,0.025,-0.06,-0.001,0.014,0.12,9,L1,C18
682,Primesil C18 5 micron,Wesley Technologies Inc,B,1.04,-0.002,-0.043,-0.013,0.015,0.15,12.4,L1,C18
685,Primesil C18-2,Wesley Technologies Inc,B,1,-0.004,-0.057,-0.006,0.109,0.18,10.3,L1,C18
681,Primesil C8,Wesley Technologies Inc,B,0.857,-0.014,-0.2,0.018,-0.052,0.17,8.2,L7,C8
739,Primesil C8,Wesley Technologies Inc,B,0.858,0.009,-0.186,0.026,0.1,0.125,6.3,L7,C8
684,Primesil ODS-P,Wesley Technologies Inc,EP,0.752,0.09,-0.67,0.042,-0.24,-0.015,8.7,L60,EP
195,Prodigy ODS(2),Phenomenex,B,0.99,0.03,-0.11,0,-0.09,0.23,7.7,L1,C18
196,Prodigy ODS(3),Phenomenex,B,1.02,0.02,-0.13,-0.01,-0.19,-0.13,10.1,L1,C18
207,Prodigy Phenyl-3,Phenomenex,phenyl,0.52,-0.19,0.05,0.02,0.23,1.46,2.3,L11,Phenyl
597,Promosil C18,"Bonna-Agela Technologies, Inc.",B,1.06,0.036,-0.068,-0.012,-0.002,-0.09,11.533,L1,C18
64,ProntoSIL 120 C1,Bischoff,B,0.41,-0.07,-0.08,0.02,0.04,0.65,1.2,C13,C1
83,ProntoSIL 120 C18 ace-EPS,Bischoff,EP,0.77,0.04,-0.59,0.22,-0.3,0.04,8.3,,EP
84,ProntoSIL 120 C18 AQplus,Bischoff,EP,0.94,-0.01,0.21,0.04,-0.13,0.6,9.1,,EP
65,ProntoSIL 120 C18 H,Bischoff,B,1,0,-0.1,0,0.12,0.15,9.7,L1,C18
62,ProntoSIL 120 C18 SH,Bischoff,B,1.03,0.01,-0.1,-0.02,0.11,0.4,8.7,L1,C18
66,ProntoSIL 120 C18-AQ,Bischoff,B,0.97,0,-0.08,0,0.13,0.22,8.1,L1,C18
85,ProntoSIL 120 C8 ace-EPS,Bischoff,EP,0.53,0,-0.85,0.21,-0.28,0.09,3.7,,EP
63,ProntoSIL 120 C8 SH,Bischoff,B,0.73,-0.06,-0.08,0.01,0.07,0.52,4.9,L7,C8
82,ProntoSIL 120 CN EC,Bischoff,CN,0.42,-0.05,-0.32,0.01,0.01,0.76,1.2,L10,CN
88,ProntoSIL 120 Phenyl,Bischoff,phenyl,0.56,-0.15,-0.2,0.02,0.17,0.71,2.5,L11,Phenyl
67,ProntoSIL 120-3-C30,Bischoff,A,0.91,-0.13,0.57,0,0.5,1.78,6.9,L62,C30
86,ProntoSIL 200 C18 ace-EPS,Bischoff,EP,0.76,0.02,-0.56,0.21,0.02,0.14,4.7,,EP
69,ProntoSIL 200 C18 AQ,Bischoff,B,0.97,-0.01,-0.05,0,0.12,0.28,6.3,L1,C18
71,ProntoSIL 200 C18 H,Bischoff,B,0.95,0,-0.12,0.01,0.16,0.21,4.8,L1,C18
72,ProntoSIL 200 C30,Bischoff,A,0.9,-0.09,0.34,0,0.3,1.17,4.4,L62,C30
73,ProntoSIL 200 C4,Bischoff,B,0.54,-0.06,-0.22,0.03,0.08,0.51,1.3,L26,C4
70,ProntoSIL 200 C8 SH,Bischoff,B,0.76,-0.02,-0.19,0.02,0.12,0.23,2.7,L7,C8
87,ProntoSIL 300 C18 ace-EPS,Bischoff,EP,0.76,0.02,-0.57,0.21,-0.05,0.13,2.9,,EP
76,ProntoSIL 300 C30,Bischoff,A,0.89,-0.1,0.32,0.03,0.4,1.54,3,L62,C30
68,ProntoSIL 300 C30 EC,Bischoff,B,0.92,-0.04,-0.01,0.01,0.3,0.45,2.8,L62,C30
77,ProntoSIL 300 C4,Bischoff,B,0.47,-0.09,-0.07,0.05,0.11,0.78,0.6,L26,C4
74,ProntoSIL 300 C8 SH,Bischoff,B,0.73,-0.04,-0.13,0.02,0.15,0.4,1.8,L7,C8
75,ProntoSIL 300-5-C18 H,Bischoff,B,0.95,-0.01,-0.09,0.01,0.23,0.24,3.2,L1,C18
79,ProntoSIL 60 C18 H,Bischoff,B,1.15,0.04,0.06,-0.07,0.1,0.26,12.2,L1,C18
80,ProntoSIL 60 C4,Bischoff,B,0.68,-0.07,0.1,0,-0.05,1.2,4.1,L26,C4
78,ProntoSIL 60 C8 SH,Bischoff,B,0.92,-0.01,0.16,-0.01,-0.31,1,8.4,L7,C8
89,ProntoSIL 60 Phenyl,Bischoff,phenyl,0.7,-0.19,0,-0.01,0.41,1.51,4.5,L11,Phenyl
81,ProntoSIL CN,Bischoff,CN,0.37,-0.11,-0.41,-0.02,0.16,0.66,0.9,L10,CN
90,ProntoSIL HyperSORB 120 ODS,Bischoff,A,0.95,-0.06,0.03,-0.02,0.79,1.31,5.2,L1,C18
91,ProntoSIL SpheriBOND 80 ODS1,Bischoff,A,0.7,-0.19,0.36,0.01,1.45,2.4,3.8,L1,C18
92,ProntoSIL SpheriBOND 80 ODS2,Bischoff,A,1.01,-0.02,0.15,-0.03,0.73,1,7.7,L1,C18
54,Prosphere 100 C18,Grace/Alltech,B,0.88,-0.07,0.3,0.01,0.18,1.51,6.4,L1,C18
53,Prosphere 300 C4,Grace/Alltech,B,0.68,-0.01,-0.05,0.02,0.31,0.68,1,L26,C4
508,Prosphere C18 300A,Grace/Alltech,A,0.9,-0.01,0.17,0.01,0.57,1.26,2.2,L1,C18
456,Proto 300 C18,Higgins Analytical,B,0.96,0.01,-0.13,0,0.22,0.14,2.9,L1,C18
173,Purospher RP-18,Merck KGaA (EMD Millipore)�,B,0.84,0.23,0.15,0.3,-0.96,0.9,4.9,L1,C18
174,Purospher STAR RP18e,Merck KGaA (EMD Millipore)�,B,1,0.01,-0.07,-0.03,0.01,0.04,10.6,L1,C18
282,Pursuit C18,Agilent Technologies/Varian,B,1,0,-0.16,0.01,0.24,0.22,6.2,L1,C18
457,Pursuit DP,Agilent Technologies/Varian,phenyl,0.57,-0.13,-0.53,0.04,0.15,0.26,1.7,,Phenyl
458,Pursuit PFP,Agilent Technologies/Varian,F,0.65,-0.08,-0.25,-0.02,0.05,0.53,2.2,L43,F
459,Pursuit UPS C18,Agilent Technologies/Varian,B,1.06,0.06,-0.05,0,-0.07,0.2,4.6,L1,C18
490,Pursuit XRs C-18,Agilent Technologies/Varian,B,1.04,0.03,-0.12,-0.03,-0.01,-0.1,11.7,L1,C18
491,Pursuit XRs C-8,Agilent Technologies/Varian,B,0.88,0.02,-0.22,0,-0.15,-0.06,8.2,L7,C8
492,Pursuit XRs DP,Agilent Technologies/Varian,phenyl,0.63,-0.13,-0.43,0.03,0.04,0.39,4,,Phenyl
587,Reliasil C18,Orochem,B,0.879,-0.004,0.326,0.048,0.592,0.822,8.97,L1,C18
286,Resolve C18,Waters,A,0.96,-0.12,0.33,-0.04,1.92,2.14,7.9,L1,C18
767,Robusta C18,SepaChrom,B,1.06,-0.002,0.025,-0.025,-0.019,0.203,13.7,L1,C18
197,Selectosil C18,Phenomenex,B,0.91,-0.05,0.03,0,0.29,0.74,7,L1,C18
687,Selectra Aqueous C18,UCT,B,0.78,-0.11,0.011,0.011,0.076,1.15,6.79,L60,EP
688,Selectra C18,UCT,B,1.05,0.032,0.006,-0.017,0.015,0.026,11.8,L1,C18
689,Selectra PFPP,UCT,fluoro,0.674,-0.081,-0.33,-0.033,0.43,1.26,4.63,L43,F
348,Sepax Bio-C18,Sepax Technologies,B,0.91,-0.02,-0.13,0.01,0.21,0.22,2.6,L1,C18
514,Sepax HP-C18(2),Sepax Technologies,B,0.95,-0.02,-0.18,0,-0.13,0.05,11.3,L1,C18
349,SepaxBio-C4,Sepax Technologies,B,0.66,-0.01,-0.29,0.02,0.1,0.22,1.4,L26,C4
350,SepaxBio-C8,Sepax Technologies,B,0.77,-0.02,-0.27,0.02,0.16,0.21,1.6,L7,C8
385,SepaxBR-C18,Sepax Technologies,B,1.01,0.03,-0.07,-0.01,-0.01,0.06,8.2,L1,C18
351,SepaxGP-C18,Sepax Technologies,B,1.01,0.01,-0.11,-0.01,0.1,0.09,9,L1,C18
352,SepaxGP-C4,Sepax Technologies,B,0.69,-0.01,-0.26,0,-0.02,0.2,3.9,L26,C4
386,SepaxGP-C8,Sepax Technologies,B,0.84,0,-0.13,0.01,-0.07,0.26,5.6,L7,C8
353,SepaxGP-Phenyl,Sepax Technologies,phenyl,0.57,-0.11,-0.27,0.02,0.05,0.56,2.6,L11,Phenyl
354,SepaxHP-C18,Sepax Technologies,B,0.95,-0.02,-0.1,0,0.07,0.22,8.5,L1,C18
355,SepaxHP-Cyano,Sepax Technologies,CN,0.42,-0.05,-0.47,0,0,0.75,1.3,L10,CN
750,Shim-pack Arata C18,Shimadzu,B,0.782,0.032,-0.503,0.236,-0.52,0.079,7.6,L1,C18
753,Shim-pack Velox Biphenyl,Shimadzu,B,0.707,-0.19,-0.244,0.046,0.063,1.07,3.2,L11,phenyl
752,Shim-pack Velox C18,Shimadzu,B,1.1,0.051,0.101,-0.034,0.111,0.196,6.6,L1,C18
754,Shim-pack Velox PFPP,Shimadzu,B,0.688,-0.13,0.116,-0.043,0.443,1.59,3,L43,F
751,Shim-pack Velox SP-C18,Shimadzu,B,0.983,-0.045,0.385,0.01,0.106,1.06,6.3,L1,C18
539,Shim-pack XR-C8,Shimadzu,B,0.862,0.01,-0.16,0.017,-0.044,0.217,3.689,L7,C8
540,Shim-pack XR-ODS,Shimadzu,B,1.01,0.032,-0.106,-0.018,-0.061,0.17,5.741,L1,C18
579,Shim-pack XR-ODS II,Shimadzu,B,1.09,0.039,0.076,-0.026,-0.006,0.204,12.85,L1,C18
541,Shim-pack XR-Phenyl,Shimadzu,phenyl,0.705,-0.08,-0.264,0.01,-0.021,0.486,2.656,L11,Phenyl
553,Shodex C18-4D,Showa Denko,B,1.01,0.027,0.021,-0.01,-0.11,0.107,8.207,L1,C18
186,Sphereclone ODS(2),Phenomenex,A,0.97,-0.04,0.27,-0.05,0.86,1.32,7.6,L1,C18
287,Spherisorb C8,Waters,A,0.76,-0.09,-0.03,0.05,0.73,1.14,4.9,L7,C8
288,Spherisorb ODS-1,Waters,A,0.68,-0.18,0.32,0.01,0.84,1.29,4.6,L1,C18
289,Spherisorb ODS-2,Waters,A,0.96,-0.07,0.07,0.03,0.9,1.26,8.3,L1,C18
290,Spherisorb S5 ODSB,Waters,B,0.97,0.02,0.24,0.38,-0.64,1.68,6.9,L1,C18
498,Spursil C18,Dikma Technologies,A,0.96,0,-0.18,-0.04,0.42,0.76,9.1,L1,C18
499,Spursil C18-EP,Dikma Technologies,EP,0.83,0.1,-0.5,0.22,-1.12,0.89,8.9,L60,EP
298,Sunfire C18,Waters,B,1.03,0.03,0.04,-0.01,-0.18,-0.09,9.9,L1,C18
297,Sunfire C8,Waters,B,0.85,0.03,-0.12,0,-0.27,0,5.8,L7,C8
775,Sunniest Biphenyl,Chromanik,B,0.725,-0.11,-0.42,0.0081,0.111,0.059,4.33,L11,phenyl
677,Sunniest C18,Chromanik,B,1.02,0.01,-0.169,-0.023,0.089,0.803,9.62,L1,C18
674,Sunniest C8,Chromanik,B,0.845,0.005,-0.304,-0.002,0.036,-0.018,5.7,L7,C8
678,Sunniest PFP,Chromanik,fluoro,0.615,-0.15,-0.049,-0.04,1.1,1.8,2.97,L43,F
776,Sunniest PFP&C18,Chromanik,B,0.857,-0.12,-0.08,-0.073,0.19,1.13,7.04,L11,phenyl
675,Sunniest PhE,Chromanik,phenyl,0.656,-0.085,-0.469,0.008,0.044,-0.022,3.24,L11,Phenyl
676,Sunniest RP-AQUA,Chromanik,C28,0.958,-0.024,-0.21,-0.008,0.142,0.098,8.49,L62,C28
773,SunShell Biphenyl,Chromanik,B,0.775,-0.11,-0.33,-0.0032,0.062,0.087,3.76,L11,phenyl
670,Sunshell C18,Chromanik,B,1.09,0.028,-0.124,-0.056,-0.043,-0.084,7.79,L1,C18
672,Sunshell C8,Chromanik,B,0.907,0.007,-0.235,-0.028,-0.065,-0.126,4.7,L7,C8
673,Sunshell PFP,Chromanik,fluoro,0.663,-0.176,0.14,-0.076,1.11,2.14,2.46,L43,F
774,SunShell PFP&C18,Chromanik,B,0.887,-0.13,0.013,-0.073,-0.025,1.11,5.45,L11,phenyl
671,Sunshell Phenyl,Chromanik,phenyl,0.813,-0.076,-0.323,-0.017,-0.061,-0.09,4.161,L11,Phenyl
669,Sunshell RP-AQUA,Chromanik,C28,0.898,-0.04,-0.272,0.013,0.127,0.095,4.02,L62,C28
246,Supelcosil LC-18,Supelco,A,1.01,-0.04,0.18,0.16,1.59,1.75,5.9,L1,C18
247,Supelcosil LC-18-DB,Supelco,A,0.97,-0.02,0.04,0.11,0.48,0.53,5.7,L1,C18
248,Supelcosil LC-8,Supelco,A,0.83,-0.04,-0.02,0.08,1.11,1.09,3.6,L7,C8
249,Supelcosil LC-8-DB,Supelco,A,0.81,-0.03,-0.07,0.14,0.44,0.55,3.4,L7,C8
250,Supelcosil LC-PAH,Supelco,A,0.85,-0.02,0.1,-0.03,0.64,0.83,4.4,L1,C18
175,Superspher 100 RP-18e,Merck KGaA (EMD Millipore)�,B,1.03,0.02,-0.02,-0.01,0.35,0.26,9.3,L1,C18
712,Svea C18,Nanologica,B,1.06,0.041,-0.054,-0.028,0.047,-0.031,11.2,L1,C18
714,Svea C4,Nanologica,B,0.73,-0.002,-0.289,0.017,0.042,0.304,4.6,L26,C4
727,Svea C8,Nanologica,B,0.873,0.014,-0.17,0.012,0.029,0.15,7.2,L7,C8
729,Svea CN,Nanologica,CN,0.44,-0.046,-0.65,-0.01,0.01,0.82,1.6,L10,CN
728,Svea PFP,Nanologica,fluoro,0.633,-0.085,-0.26,0.024,0.4,1.28,3.7,L43,F
713,Svea PheHex,Nanologica,phenyl,0.763,-0.09,-0.304,0.011,0.152,0.417,5.5,L11,phenyl
299,Symmetry 300 C18,Waters,B,0.98,0.03,-0.05,0,0.22,0.2,3.5,L1,C18
300,Symmetry 300 C4,Waters,B,0.65,-0.01,-0.42,0.01,0.1,0.18,1.4,L26,C4
301,Symmetry C18,Waters,B,1.05,0.06,0.01,-0.02,-0.3,0.12,9.8,L1,C18
578,Symmetry C4,Waters,B,0.687,-0.012,-0.29,0.022,0.217,0.305,1.41,L26,C4
302,Symmetry C8,Waters,B,0.89,0.04,-0.2,0.02,-0.5,0.28,7,L7,C8
312,SymmetryShield C18,Waters,EP,0.85,0.02,-0.41,0.09,-0.72,0.13,7.3,,EP
313,SymmetryShield C8,Waters,EP,0.73,0,-0.55,0.1,-0.62,0.13,5.7,,EP
99,SynChropak RP8,Eprogen,A,0.63,-0.09,0.1,0.02,0.22,0.94,1.2,L7,C8
100,SynChropak RPP,no longer available,A,0.74,-0.11,0.23,0.03,0.25,1.28,1.8,L1,C18
101,SynChropak RPP 100,no longer available,A,0.91,-0.05,-0.07,0.12,0.22,0.31,5.4,L1,C18
610,Syncronis aQ,Thermo/Hypersil,EP,0.984,-0.004,-0.1,-0.038,0.066,1.08,10.2,L60,EP
608,Syncronis C18,Thermo/Hypersil,B,1.04,-0.003,-0.086,-0.019,-0.026,0.038,13,L1,C18
609,Syncronis C8,Thermo/Hypersil,B,0.84,-0.024,-0.227,0.01,-0.058,0.116,7.99,L7,C8
611,Syncronis Phenyl,Thermo/Hypersil,phenyl,0.75,-0.082,-0.32,0.008,-0.031,0.176,6.36,L11,Phenyl
212,Synergi Fusion-RP,Phenomenex,EP,0.87,-0.03,-0.01,0,-0.23,0.36,7.5,,EP
204,Synergi Hydro-RP,Phenomenex,EP,1.02,0,0.16,-0.04,-0.07,0.26,11.3,L1,EP
198,Synergi Max-RP,Phenomenex,B,0.98,0.02,0,-0.01,-0.13,-0.03,9.5,L1,C18
205,Synergi Polar-RP,Phenomenex,EP,0.65,-0.14,-0.25,0,0.05,0.77,3.9,L1,EP
128,Targa C18,Higgins Analytical,B,0.97,-0.01,-0.07,0,0.01,0.17,8.6,L1,C18
460,Targa C8,Higgins Analytical,B,0.82,-0.02,-0.22,0,-0.02,0.17,6,L7,C8
743,Targetsil C18 HPH,Wesley Technologies Inc,B,0.973,-0.014,-0.084,0.01,0.148,0.208,7.2,L1,C18
744,Targetsil C18 Polar,Wesley Technologies Inc,B,0.778,0.017,-0.463,0.185,-0.301,0.018,7,L1,C18
252,Thermo CN,Thermo/Hypersil,CN,0.4,-0.11,-0.7,0,-0.02,0.49,0.8,L10,CN
645,Titan C18,Supelco,C18,1.01,0.004,-0.084,-0.047,-0.052,0.088,10.11,L1,C18
570,Topsil C18,Welch,B,0.972,-0.011,-0.019,0.009,0.124,0.312,7.37,L1,C18
749,Triart Bio C4,YMC,B,0.673,-0.015,-0.35,0.02,0.13,0.064,1.2,L26,C4
361,TSK-gel ODS-140HTP,Tosoh Bioscience,B,1,0.05,-0.25,-0.03,0.13,0.14,2.8,L1,C18
356,TSKgel CN-80Ts,Tosoh Bioscience,CN,0.37,-0.02,-0.61,0.01,-0.36,0.42,0.9,L10,CN
357,TSKgel Octyl-80Ts,Tosoh Bioscience,B,0.81,0,-0.25,0.01,0.08,0.45,4.4,L7,C8
358,TSKgel ODS-100S,Tosoh Bioscience,B,1.03,0.06,-0.09,-0.03,0,-0.03,8.1,L1,C18
359,TSKgel ODS-100V,Tosoh Bioscience,B,0.9,-0.04,-0.22,0,-0.06,-0.02,9,L1,C18
360,TSKgel ODS-100Z,Tosoh Bioscience,B,1.03,0.01,-0.13,-0.03,-0.06,-0.16,11.6,L1,C18
461,TSKgel ODS-120A,Tosoh Bioscience,B,0.89,-0.03,0.28,0,0.26,0.96,6.5,L1,C18
462,TSKgel ODS-120T,Tosoh Bioscience,B,0.97,0.03,0.11,-0.01,0.19,0.22,6.5,L1,C18
463,TSKgel ODS-80T,Tosoh Bioscience,B,0.96,-0.03,0.14,-0.01,0.16,0.58,8.3,L1,C18
362,TSKgel ODS-80Ts,Tosoh Bioscience,B,0.97,-0.01,-0.13,0,0.01,0.29,8.1,L1,C18
363,TSKgel ODS-80Ts QA,Tosoh Bioscience,B,0.94,-0.03,-0.11,0,0,0.36,7.8,L1,C18
464,TSKgel OligoDNA RP,Tosoh Bioscience,A,0.86,0.02,0.14,0.01,0.31,0.65,3.3,L1,C18
364,TSKgel Super-Octyl,Tosoh Bioscience,B,0.82,0.03,-0.15,0.01,0.12,0.23,2.2,L7,C8
365,TSKgel Super-ODS,Tosoh Bioscience,B,0.99,0.03,-0.04,-0.01,0.15,0.23,3.8,L1,C18
366,TSKgel Super-Phenyl,Tosoh Bioscience,phenyl,0.58,-0.1,-0.14,0.01,0.08,0.67,1,L11,Phenyl
569,Ultimate AQ-C18,Welch,B,0.868,-0.033,-0.055,0.029,0.058,0.363,6.51,L1,C18
731,Ultimate LP-C18,Welch,B,0.913,-0.044,0.16,0.026,0.15,0.77,7.4,L1,C18
735,Ultimate PFP,Welch,fluoro,0.636,-0.1,-0.17,-0.023,0.45,1.1,3.4,L43,F
732,Ultimate Plus C18,Welch,B,0.979,-0.003,-0.12,0.015,0.16,0.17,6.3,L1,C18
734,Ultimate Polar-RP,Welch,B,0.773,0.026,-0.43,0.19,-0.27,0.1,6.4,L60,EP
559,Ultimate XB-C18,Welch,B,1.01,0.011,-0.046,0.001,0.118,0.133,9.39,L1,C18
560,Ultimate XB-C8,Welch,B,0.835,0.001,-0.074,0.028,0.069,0.281,5.55,L7,C8
736,Ultimate XB-CN,Welch,CN,0.394,-0.074,-0.3,0.007,0.092,0.92,1.1,L10,CN
561,Ultimate XB-Phenyl,Welch,phenyl,0.651,-0.108,-0.25,0.032,0.15,0.476,3.45,L11,Phenyl
733,Ultimate XS-C18,Welch,B,0.982,-0.009,0.45,-0.016,0.22,1.2,9.5,L1,C18
566,Ultisil AQ-C18,Welch,B,0.872,-0.037,-0.072,0.031,0.054,0.323,6.61,L1,C18
737,Ultisil LP-C18,Welch,B,0.916,-0.042,0.15,0.026,0.14,0.76,7.6,L1,C18
738,Ultisil Polar-RP,Welch,B,0.773,0.028,-0.44,0.19,-0.25,0.037,6.4,L60,EP
565,Ultisil XB-C18,Welch,B,1.01,0.012,-0.016,0.005,0.118,0.142,9.44,L1,C18
564,Ultisil XB-C8,Welch,B,0.841,0.001,-0.108,0.027,0.063,0.244,5.87,L7,C8
563,Ultisil XB-Phenyl,Welch,phenyl,0.651,-0.108,-0.273,0.032,0.144,0.466,3.53,L11,Phenyl
465,Ultra Aqueous C18,Restek,B,0.8,-0.12,0.37,0.01,0.22,1.25,8.1,L1,C18
538,Ultra Aromax,Restek,phenyl,0.741,-0.179,-0.375,0.021,0.195,0.375,5.6,L11,Phenyl
466,Ultra Biphenyl,Restek,phenyl,0.66,-0.18,-0.28,0.04,0.2,0.72,3.9,L11,Phenyl
467,Ultra C1,Restek,B,0.61,-0.05,-0.4,0.01,-0.03,0.05,3.5,L13,C1
215,Ultra C18,Restek,B,1.05,0.03,-0.03,-0.02,0.05,0,12.2,L1,C18
468,Ultra C4,Restek,B,0.73,-0.01,-0.27,0.01,0.03,0.31,5.2,L26,C4
216,Ultra C8,Restek,B,0.87,0.01,-0.19,0.01,-0.03,-0.07,8.2,L7,C8
469,Ultra Cyano,Restek,CN,0.4,-0.04,-0.8,-0.01,-0.11,0.62,1.6,L10,CN
470,Ultra IBD,Restek,EP,0.67,-0.03,-0.05,0.23,-0.56,0.86,4.6,L68,EP
471,Ultra II Aqueous C18,Restek,B,0.78,-0.15,0.32,0.01,0.46,1.16,7.4,L1,C18
472,Ultra II Aromax,Restek,phenyl,0.73,-0.19,-0.34,0.02,0.47,0.64,5.3,L11,Phenyl
513,Ultra II Biphenyl,Restek,phenyl,0.65,-0.19,-0.27,0.04,0.43,0.76,3.9,L11,Phenyl
473,Ultra II C18,Restek,B,1.04,0.02,-0.03,-0.01,0.26,0.18,10.8,L1,C18
474,Ultra II IBD,Restek,EP,0.67,-0.04,-0.02,0.22,-0.25,0.86,4,L68,EP
475,Ultra II PFP Propyl,Restek,F,0.67,-0.08,-0.3,0,0.76,1.21,4.3,L43,F
476,Ultra PFP,Restek,F,0.44,-0.05,-0.24,0.01,-0.22,0.15,1.6,L43,F
537,Ultra PFP Propyl,Restek,F,0.622,-0.102,-0.314,-0.035,0.456,1.05,4.5,L43,F
477,Ultra Phenyl,Restek,phenyl,0.58,-0.12,-0.33,0.03,0.04,0.43,3,L11,Phenyl
478,Ultra Quat,Restek,other,0.85,0.01,-0.17,0.01,0.02,0.13,7.3,,Other
199,Ultracarb ODS (30),Phenomenex,B,1.11,0.01,0.37,-0.05,-0.31,0.73,18.2,L62,C18
652,Ultracore SuperC18,ACT,B,1.09,0.03,-0.111,-0.05,-0.029,0.028,6.92,L1,C18
651,UltraCore SuperPhenylHexyl,ACT,phenyl,0.809,-0.074,-0.347,-0.014,-0.014,-0.007,3.7,L11,phenyl
220,UltraSep ES AMID H RP18P,SEPSERV,EP,0.75,-0.01,-0.1,0.25,-0.52,0.85,4.9,,EP
221,UltraSep ES PHARM RP18,SEPSERV,A,0.95,-0.06,0.43,-0.05,0.59,1.67,8.5,L1,C18
58,Ultrasphere Octyl,Hichrom,B,0.89,0.01,0,0.08,0.15,0.54,5.7,L7,C8
59,Ultrasphere ODS,Hichrom,B,1.08,-0.01,0.17,0.06,0.27,0.38,8.7,L1,C18
550,Unisol C18,"Bonna-Agela Technologies, Inc.",B,0.95,-0.017,-0.108,-0.009,-0.108,0.092,10.176,L1,C18
129,Unison UK-C18,Imtakt,B,0.98,-0.01,0.01,-0.01,0.11,0.07,8.9,L1,C18
745,VDSpher PUR 100 C18-E,VDS Optilab,B,1.03,-0.0034,-0.0026,-0.016,0.01,0.15,13,L1,C18
746,VDSpher PUR 100 C18-H,VDS Optilab,B,0.809,-0.073,-0.14,0.015,0.033,0.97,7.8,L1,C18
748,VDSpher PUR 100 C18-M,VDS Optilab,B,0.903,-0.077,0.51,0.0002,0.12,1.51,10.2,L1,C18
747,VDSpher PUR 100 C18-M-SE,VDS Optilab,B,1.07,0.037,-0.044,-0.037,-0.06,0.022,13.1,L1,C18
546,Venusil ASB C18,"Bonna-Agela Technologies, Inc.",B,0.824,-0.066,0.166,0.05,0.047,0.644,3.883,L1,C18
547,Venusil ASB C8,"Bonna-Agela Technologies, Inc.",B,0.677,-0.078,-0.001,0.044,0.119,0.569,2.424,L7,C8
554,Venusil HLP,"Bonna-Agela Technologies, Inc.",EP,0.547,-0.015,-0.649,0.254,-0.926,1.64,3.801,L60,EP
595,Venusil PFP,"Bonna-Agela Technologies, Inc.",F,0.519,-0.158,0.12,0.011,0.35,1.14,2.763,L43,F
551,Venusil XBP C18(2),"Bonna-Agela Technologies, Inc.",B,1.01,0.007,-0.081,-0.022,-0.116,0.072,11.451,L1,C18
552,Venusil XBP C18(L),"Bonna-Agela Technologies, Inc.",B,0.945,0.025,-0.135,-0.002,0.152,0.318,5.123,L1,C18
555,Venusil XBP CN,"Bonna-Agela Technologies, Inc.",CN,0.45,-0.053,-0.631,-0.013,-0.018,0.737,1.94,L10,CN
598,Venusil XBP Phenyl,"Bonna-Agela Technologies, Inc.",phenyl,0.626,-0.118,-0.234,0.02,0.024,0.776,4.151,L11,Phenyl
594,Venusil XBP Phenyl-Hexyl,"Bonna-Agela Technologies, Inc.",phenyl,0.678,-0.17,0.128,0.034,0.156,1.2,5.487,L11,Phenyl
596,Venusil XBP Polar-Phenyl,"Bonna-Agela Technologies, Inc.",phenyl,0.552,-0.214,0.016,0.052,-0.034,1.07,3.19,L11,Phenyl
387,Vision C18 B,Grace/Alltech,A,0.68,-0.11,0.35,0.03,0.39,1.41,2.9,L1,C18
388,Vision C18 HL,Grace/Alltech,B,0.99,0.05,0.05,-0.01,0.13,0.14,6.3,L1,C18
367,VisionHT C18,Grace/Alltech,B,0.78,-0.07,-0.09,0,0.4,0.69,4.6,L1,C18
368,VisionHT C18-P,Grace/Alltech,B,0.63,-0.16,0.28,0.03,0.69,1.61,2.7,L1,C18
479,Viva Biphenyl,Restek,phenyl,0.6,-0.18,-0.3,0.04,0.33,0.54,1.3,L11,Phenyl
480,Viva C18,Restek,A,0.98,0.01,-0.07,0.01,0.35,0.3,4,L1,C18
481,Viva C4,Restek,A,0.7,-0.01,-0.28,0.03,0.22,0.31,1.7,L26,C4
482,Viva C8,Restek,A,0.83,0,-0.22,0.03,0.26,0.22,2.6,L7,C8
483,Viva PFP Propyl,Restek,F,0.62,-0.06,-0.25,0.02,0.28,0.76,1.5,L43,F
113,Vydac 201TP,Grace/Vydac,A,0.9,-0.02,0.4,0,0.39,1.02,2.1,L1,C18
117,Vydac 218MS,Grace/Vydac,A,0.77,0.18,0.11,-0.37,0.65,1.23,1.7,L1,C18
509,Vydac 218MSC18,Grace/Vydac,B,0.88,-0.01,0.29,0,0.17,0.82,1.6,L1,C18
114,Vydac 218TP,Grace/Vydac,B,0.9,0,0.34,0,0.27,0.67,2,L1,C18
510,Vydac C18 Monomeric,Grace/Vydac,B,0.97,0.04,0.03,0,0.13,0.27,2.2,L1,C18
115,Vydac Everest,Grace/Vydac,B,0.99,0.04,0.12,0,0.06,0.34,2.2,L1,C18
224,Wakosil 5 C8 RS,no longer available,B,0.8,0,-0.27,0,-0.11,0.09,5.6,L7,C8
225,Wakosil II 5 C18 AR,no longer available,B,0.99,0.07,-0.05,-0.03,0.07,0.01,6.2,L1,C18
226,Wakosil II 5 C18 HG,no longer available,B,1.03,0.03,0.01,-0.02,0,0.21,7.1,L1,C18
227,Wakosil II 5 C18 RS,no longer available,B,0.96,0,-0.16,0,-0.07,0.04,9.2,L1,C18
404,XBridge C18,Waters,B,1,0.02,-0.09,0,0.17,0.13,4.6,L1,C18
484,XBridge C8,Waters,B,0.8,0.01,-0.29,0.01,0.12,0.06,3.4,L7,C8
405,XBridge Phenyl,Waters,phenyl,0.73,-0.07,-0.35,0.03,0.19,0.2,2.4,L11,Phenyl
722,Xbridge Protein BEH C4,Waters,B,0.546,-0.073,-0.21,0.043,0.007,0.12,0.85,L26,C4
406,XBridge Shield RP18,Waters,EP,0.83,-0.02,-0.37,0.09,-0.12,-0.05,3.7,,EP
542,XSelect CSH C18,Waters,B,0.954,-0.002,-0.179,0.118,0.082,0.171,5.62,L1,C18
543,XSelect CSH Fluoro-Phenyl,Waters,F,0.498,-0.138,-0.052,0.055,-0.321,0.793,1.413,L43,F
544,XSelect CSH Phenyl-Hexyl,Waters,phenyl,0.708,-0.059,-0.435,0.129,-0.068,0.223,2.865,L11,Phenyl
562,Xselect HSS Cyano,Waters,CN,0.479,-0.116,-0.224,0.043,0.082,1.18,1.76,L10,CN
580,Xselect HSS PFP,Waters,F,0.592,-0.164,0.146,-0.02,0.74,1.77,3.35,L43,F
314,XTerra C18 RP,Waters,EP,0.75,-0.04,-0.48,0.09,-0.17,-0.17,4.3,,EP
315,XTerra C8 RP,Waters,EP,0.65,-0.04,-0.6,0.09,-0.18,-0.19,3.1,,EP
303,XTerra MS C18,Waters,B,0.98,0.01,-0.14,-0.01,0.13,0.05,6.3,L1,C18
304,XTerra MS C8,Waters,B,0.8,0,-0.29,0,0.05,0,3.7,L7,C8
316,XTerra Phenyl,Waters,phenyl,0.68,-0.07,-0.36,0,0.11,0.02,2.6,L11,Phenyl
568,Xtimate C18,Welch,B,1,-0.001,-0.083,-0.011,0.155,0.283,8.99,1,C18
567,Xtimate C8,Welch,B,0.855,-0.014,-0.185,0.008,0.013,0.173,6.26,L7,C8
305,YMC Basic,YMC,B,0.82,0,-0.23,0.02,0.07,0.09,3.3,L7,C8
306,YMC Hydrosphere C18,YMC,B,0.93,-0.02,-0.12,0,-0.13,0.15,6.8,L1,C18
307,YMC-Pack ODS-AQ,YMC,B,0.96,-0.03,-0.13,0,-0.06,0.1,8.6,L1,C18
309,YMC-Pack Pro C18,YMC,B,1.01,0.01,-0.12,0,-0.15,0,8.7,L1,C18
308,YMC-Pack Pro C18 RS,YMC,B,1.11,0.05,-0.06,-0.05,-0.17,-0.22,12.7,L1,C18
310,YMC-Pack Pro C8,YMC,B,0.89,0.01,-0.21,0,-0.32,0.01,6.5,L7,C8
761,YMC-Triart Bio C18,YMC,B,0.954,-0.0081,-0.139,0.011,0.261,0.21,3,L1,C18
522,YMC-Triart C18,YMC,B,0.92,-0.02,-0.19,-0.03,-0.02,-0.13,9.4,L1,C18
700,YMC-Triart C18 ExRS,YMC,B,1.17,0.063,-0.004,-0.096,-0.139,-0.254,18.4,L1,C18
699,YMC-Triart C8,YMC,B,0.83,-0.007,-0.317,-0.007,-0.023,-0.102,7.2,L7,C8
702,YMC-Triart PFP,YMC,fluoro,0.586,-0.182,-0.014,-0.045,0.363,1.36,3.8,L43,F
701,YMC-Triart Phenyl,YMC,phenyl,0.723,-0.072,-0.376,-0.008,-0.021,-0.084,5.3,L11,phenyl
319,ZirChrom-EZ,ZirChrom,other,1.04,0.11,-0.99,0,2.08,2.08,1.1,,Other
485,ZirChrom-MS,ZirChrom,other,0.94,-0.17,-0.45,0.32,0.48,0.55,2,,Other
320,ZirChrom-PBD,ZirChrom,other,1.28,0.15,-0.38,-0.07,2.18,2.18,1,L49,Other
321,ZirChrom-PS,ZirChrom,other,0.58,-0.23,-0.47,0.06,1.75,1.75,0.3,,Other
557,Zodiac C18,Zodiac Life Sciences,B,1.07,0.052,-0.069,-0.039,-0.184,-0.152,11.626,L1,C18
556,Zodiac C18(1),Zodiac Life Sciences,B,0.973,0.008,-0.124,0.019,0.204,0.156,5.091,L1,C18
394,ZodiacSil 120-5 C18 AQ,Zodiac Life Sciences,B,0.97,0,-0.08,0,0.13,0.22,8.1,L1,C18
393,ZodiacSil 120-5-C18 ace EPS,Zodiac Life Sciences,EP,0.77,0.04,-0.59,0.22,-0.3,0.04,8.3,,EP
395,ZodiacSil 120-5-C18 AQ Plus,Zodiac Life Sciences,EP,0.94,-0.01,0.21,0.04,-0.13,0.6,9.1,,EP
396,ZodiacSil 120-5-C18H,Zodiac Life Sciences,B,1,0,-0.1,0,0.12,0.15,9.7,L1,C18
397,ZodiacSil 120-5-C18SH,Zodiac Life Sciences,B,1.03,0.01,-0.1,-0.02,0.11,0.4,8.7,L1,C18
398,ZodiacSil 200-5-C18 ace EPS,Zodiac Life Sciences,EP,0.76,0.02,-0.56,0.21,0.02,0.14,4.7,,EP
400,ZodiacSil 200-5-C18AQ,Zodiac Life Sciences,B,0.97,-0.01,-0.05,0,0.12,0.02,6.3,L1,C18
399,ZodiacSil 200-5-C18H,Zodiac Life Sciences,B,0.95,0,-0.12,0.01,0.16,0.21,4.8,L1,C18
402,ZodiacSil 300-5-C18ace EPS,Zodiac Life Sciences,EP,0.76,0.02,-0.57,0.21,-0.05,0.13,2.9,,EP
403,ZodiacSil 300-5-C18H,Zodiac Life Sciences,B,0.95,-0.01,-0.09,0.01,0.24,0.24,3.2,L1,C18
392,ZodiacSil 60-5-C18H,Zodiac Life Sciences,B,1.15,0.04,0.06,-0.07,0.1,0.26,12.2,L1,C18
369,Zorbax Bonus RP,Agilent Technologies,EP,0.65,0.1,-1.04,0.37,-2.97,-1.1,4.5,L60,EP
1,Zorbax C18,Agilent Technologies,A,1.08,0.05,0.47,0.06,1.48,1.56,10.7,L1,C18
2,Zorbax C8,Agilent Technologies,A,0.97,-0.04,0.21,0.17,0.97,1.05,8.3,L7,C8
486,Zorbax Eclipse PAH,Agilent Technologies,B,1.03,-0.01,0.68,-0.05,0.07,1.4,5.9,L1,C18
376,Zorbax Eclipse Plus C18,Agilent Technologies,B,1.03,0,-0.07,-0.02,0,0.02,7.8,L1,C18
377,Zorbax Eclipse Plus C8,Agilent Technologies,B,0.88,0.01,-0.17,0,-0.04,0.05,5.2,L1,C18
3,Zorbax Eclipse XDB-C18,Agilent Technologies,B,1.07,0.02,-0.06,-0.03,0.05,0.08,9.1,L1,C18
4,Zorbax Eclipse XDB-C8,Agilent Technologies,B,0.91,0.02,-0.21,0,0,0.01,6.6,L7,C8
19,Zorbax Eclipse XDB-CN,Agilent Technologies,CN,0.45,-0.06,-0.31,0,0.07,0.99,1.3,L10,CN
5,Zorbax Extend C18,Agilent Technologies,B,1.09,0.05,0.01,-0.04,0.03,0.01,8.4,L1,C18
6,Zorbax Rx-18,Agilent Technologies,B,1.07,0.03,0.3,-0.03,0.09,0.41,7.7,L1,C18
7,Zorbax Rx-C8,Agilent Technologies,B,0.79,-0.07,0.11,0.01,0.01,0.94,5,L7,C8
15,Zorbax SB-AQ,Agilent Technologies,EP,0.59,-0.12,-0.08,0.03,-0.13,0.73,2.5,,EP
18,Zorbax SB-CN,Agilent Technologies,CN,0.5,-0.1,-0.22,0.04,-0.14,1.04,1.7,L10,CN
16,Zorbax SB-Phenyl,Agilent Technologies,phenyl,0.62,-0.16,0.06,0.03,0.03,1.08,2.7,L11,Phenyl
8,Zorbax StableBond 300A C18,Agilent Technologies,B,0.9,-0.05,0.04,0.04,0.25,0.7,2.2,L1,C18
9,Zorbax StableBond 300A C3,Agilent Technologies,B,0.52,-0.12,-0.19,0.04,0.05,0.35,0.7,L56,C3
10,Zorbax StableBond 300A C8,Agilent Technologies,B,0.7,-0.08,0,0.04,0.14,0.82,1.3,L7,C8
11,Zorbax StableBond 80A C18,Agilent Technologies,B,0.99,-0.03,0.26,0,0.13,1.04,7.6,L1,C18
12,Zorbax StableBond 80A C3,Agilent Technologies,B,0.6,-0.12,-0.08,0.03,-0.08,0.81,2.8,L56,C3
13,Zorbax StableBond 80A C8,Agilent Technologies,B,0.79,-0.07,0.13,0.01,0.01,1.02,5.1,L7,C8
17,Zorbax XDB-Phenyl,Agilent Technologies,phenyl,0.66,-0.12,-0.24,0.01,0.06,0.58,3.2,L11,Phenyl
